#,Name,Team,W,L,SV,G,GS,IP,K/9,BB/9,HR/9,BABIP,LOB%,GB%,ERA,FIP,WAR
1,Tarik Skubal,DET,14,9,0,32,32,199.2,10.95,1.96,0.91,0.288,77.20%,42.40%,2.79,2.78,5.9
2,Paul Skenes,PIT,13,9,0,32,32,194,10.99,2.39,0.82,0.298,75.90%,44.40%,2.92,2.78,5.7
3,Garrett Crochet,BOS,14,9,0,32,32,193,11.14,2.33,0.91,0.3,75.80%,45.50%,3.02,2.84,5.6
4,Cristopher Sánchez,PHI,14,9,0,32,32,198,8.7,2.3,0.8,0.302,74.80%,54.50%,3.15,3.22,4.7
5,Chris Sale,ATL,12,8,0,28,28,168.2,10.98,2.36,0.97,0.297,75.00%,41.70%,3.19,3.04,4.2
6,Logan Webb,SFG,13,10,0,32,32,199.1,8.46,2.13,0.75,0.309,73.10%,54.70%,3.32,3.15,4.1
7,Cole Ragans,KCR,12,9,0,29,29,172,11.02,3.26,0.99,0.293,76.00%,39.80%,3.31,3.3,4.1
8,Jacob deGrom,TEX,11,9,0,29,29,174.2,10.44,2.05,1.22,0.29,74.50%,37.90%,3.52,3.34,4
9,Sonny Gray,BOS,12,10,0,31,31,181.1,9.41,2.38,1.05,0.305,72.90%,45.10%,3.69,3.44,3.9
10,Dylan Cease,TOR,12,9,0,31,31,177.2,10.57,3.29,1.07,0.288,75.10%,38.10%,3.54,3.52,3.8
11,Framber Valdez,DET,12,10,0,31,31,190.1,8.33,2.93,0.73,0.308,73.30%,55.50%,3.43,3.44,3.7
12,Zack Wheeler,PHI,11,7,0,26,26,154.2,10.33,2.27,1.04,0.288,75.60%,41.50%,3.2,3.22,3.7
13,Max Fried,NYY,13,9,0,31,31,189.1,8.54,2.58,0.89,0.296,75.30%,50.50%,3.28,3.5,3.7
14,Hunter Brown,HOU,12,10,0,31,31,184.1,9.79,2.97,1.02,0.299,73.70%,47.30%,3.63,3.54,3.6
15,Jesús Luzardo,PHI,12,10,0,31,31,181,9.84,2.85,1.16,0.289,75.40%,40.40%,3.57,3.67,3.5
16,Yoshinobu Yamamoto,LAD,11,7,0,26,26,154.1,9.48,2.75,0.98,0.3,74.50%,49.20%,3.45,3.46,3.4
17,Nathan Eovaldi,TEX,11,9,0,29,29,174.2,8.85,2.3,1.06,0.3,73.20%,46.00%,3.65,3.58,3.4
18,Joe Ryan,MIN,11,10,0,29,29,172.2,9.86,2.18,1.3,0.289,73.30%,33.60%,3.81,3.69,3.3
19,Bryan Woo,SEA,12,10,0,32,32,195,9.02,2.04,1.2,0.284,74.00%,39.50%,3.6,3.66,3.3
20,Ranger Suarez,BOS,11,10,0,29,29,171.2,8.04,2.59,0.96,0.306,72.90%,49.00%,3.74,3.69,3.3
21,Drew Rasmussen,TBR,11,10,0,31,31,171,8.47,2.37,1.03,0.299,72.60%,45.70%,3.72,3.63,3.2
22,Shane McClanahan,TBR,9,8,0,24,24,142.1,9.99,2.64,1.03,0.294,75.40%,44.50%,3.35,3.37,3.2
23,Logan Gilbert,SEA,11,9,0,29,29,166.1,9.82,2.1,1.13,0.287,74.80%,39.80%,3.4,3.39,3.2
24,George Kirby,SEA,12,10,0,31,31,178.1,8.77,1.71,1.11,0.29,73.50%,42.30%,3.51,3.49,3.2
25,Brandon Woodruff,MIL,10,10,0,28,28,167.2,9.45,2.46,1.31,0.286,73.70%,36.40%,3.86,3.87,3.1
26,Kyle Bradish,BAL,10,9,0,28,28,154,9.5,2.82,1.08,0.302,73.70%,45.20%,3.72,3.65,3
27,José Soriano,LAA,11,11,0,31,31,177.1,8.37,3.83,0.75,0.312,73.50%,57.20%,3.68,3.79,3
28,Aaron Nola,PHI,11,10,0,31,31,180.2,8.71,2.33,1.32,0.293,73.30%,42.30%,3.98,3.98,3
29,Kevin Gausman,TOR,11,10,0,31,31,185.1,8.8,2.65,1.22,0.291,72.80%,37.90%,3.98,3.9,2.9
30,Michael King,SDP,10,10,0,29,29,166.2,9.35,3.12,1.18,0.289,74.30%,40.20%,3.8,3.92,2.9
31,Tyler Glasnow,LAD,10,7,0,24,24,141.1,10.49,3.31,1.06,0.296,74.30%,44.70%,3.61,3.53,2.9
32,Freddy Peralta,NYM,11,9,0,29,29,168.1,9.9,3.34,1.2,0.282,74.30%,37.20%,3.8,3.92,2.7
33,MacKenzie Gore,TEX,10,9,0,29,29,161.1,10.17,3.41,1.17,0.294,74.30%,39.00%,3.82,3.81,2.7
34,Nick Pivetta,SDP,10,10,0,29,29,174,9.91,2.79,1.39,0.286,74.20%,33.80%,3.97,3.95,2.6
35,Eury Pérez,MIA,9,10,0,28,28,154,10.02,3.14,1.28,0.285,73.20%,32.30%,4,3.91,2.6
36,Jack Flaherty,DET,10,10,0,29,29,163,9.74,3.16,1.18,0.293,73.70%,39.80%,3.89,3.85,2.6
37,Yusei Kikuchi,LAA,10,11,0,31,31,177.2,9.21,3.19,1.32,0.297,73.70%,40.70%,4.11,4.15,2.6
38,Shohei Ohtani,LAD,9,6,0,23,23,117,10.5,2.79,1.14,0.29,75.40%,41.20%,3.46,3.49,2.6
39,Blake Snell,LAD,9,6,0,23,23,127,11.04,3.94,1.05,0.292,75.70%,42.90%,3.54,3.59,2.5
40,Sandy Alcantara,MIA,10,12,0,31,31,186.2,7.64,2.7,1.07,0.304,70.90%,47.00%,4.16,4.01,2.5
41,Spencer Strider,ATL,10,8,0,26,26,151.1,10.48,3.23,1.18,0.295,73.90%,37.20%,3.82,3.73,2.5
42,Emmet Sheehan,LAD,10,8,0,44,24,157,10.14,3.14,1.34,0.286,74.50%,35.70%,3.94,4,2.5
43,Nick Lodolo,CIN,9,10,0,28,28,157,9.19,2.5,1.3,0.297,72.60%,42.20%,4.03,4.05,2.5
44,Cody Ponce,TOR,9,9,0,44,23,154.2,8.76,2.56,1.13,0.3,72.50%,44.00%,3.91,3.8,2.4
45,Luis Castillo,SEA,11,10,0,31,31,181.1,8.51,2.54,1.23,0.286,73.60%,39.90%,3.86,3.98,2.4
46,Merrill Kelly,ARI,10,10,0,29,29,172.2,8.24,2.76,1.15,0.303,72.00%,42.30%,4.12,3.96,2.4
47,Brady Singer,CIN,10,11,0,31,31,178.1,8.41,2.87,1.36,0.3,72.00%,43.90%,4.37,4.36,2.3
48,Tanner Bibee,CLE,10,11,0,31,31,182,8.5,2.75,1.28,0.292,72.70%,39.60%,4.1,4.14,2.3
49,Carlos Rodón,NYY,10,9,0,28,28,161.2,9.76,3.26,1.27,0.284,73.80%,36.30%,3.96,4.03,2.3
50,Chase Burns,CIN,7,7,0,27,19,114.1,10.24,2.83,1.23,0.293,74.70%,40.90%,3.71,3.67,2.3
51,Mitch Keller,PIT,10,12,0,31,31,179.2,7.78,2.75,1.15,0.302,70.10%,42.70%,4.35,4.15,2.3
52,Ryan Pepiot,TBR,9,10,0,28,28,156.1,9.49,3.25,1.28,0.287,73.60%,36.20%,4.02,4.09,2.3
53,Matthew Boyd,CHC,11,10,0,29,29,173.2,8.09,2.71,1.25,0.285,73.80%,37.70%,3.93,4.18,2.2
54,Kris Bubic,KCR,9,9,0,34,24,149.1,8.52,3.13,1.08,0.301,73.20%,45.00%,3.91,3.95,2.2
55,David Peterson,NYM,11,9,0,29,29,169.2,7.96,3.47,0.92,0.298,74.60%,51.60%,3.65,3.98,2.2
56,Cade Cavalli,WSN,9,10,0,26,26,156,7.56,3.07,1,0.3,72.10%,49.90%,3.99,4.09,2.2
57,Joe Musgrove,SDP,9,9,0,26,26,149.2,8.52,2.31,1.22,0.294,72.80%,42.00%,3.91,3.96,2.2
58,Zac Gallen,ARI,11,11,0,31,31,184,8.51,2.9,1.14,0.308,71.30%,43.00%,4.24,3.96,2.2
59,Casey Mize,DET,9,10,0,28,28,150.2,7.96,2.49,1.2,0.295,72.20%,41.50%,4.06,4.02,2.2
60,Grayson Rodriguez,LAA,7,7,0,21,21,119.2,9.48,3.05,1.16,0.296,74.00%,42.50%,3.82,3.83,2.1
61,Andrew Abbott,CIN,9,11,0,29,29,170.1,8.32,2.9,1.59,0.286,72.90%,32.90%,4.54,4.64,2
62,Nolan McLean,NYM,10,8,0,26,26,149,8.53,3.49,0.94,0.294,73.60%,49.90%,3.71,3.92,2
63,Trevor Rogers,BAL,10,9,0,28,28,158.2,7.66,3.05,1.16,0.3,72.20%,43.40%,4.2,4.23,2
64,Foster Griffin,WSN,8,9,0,35,23,141.1,7.73,2.61,1.08,0.3,72.60%,46.20%,3.93,3.98,2
65,Shane Bieber,TOR,8,7,0,31,19,124,8.37,2.09,1.11,0.299,73.00%,45.80%,3.74,3.67,2
66,Bailey Ober,MIN,9,10,0,28,28,159.2,8.15,2.17,1.54,0.289,72.20%,31.80%,4.4,4.39,2
67,Steven Matz,TBR,8,9,0,35,23,137.2,7.62,2.57,1.19,0.294,72.20%,43.60%,4.06,4.13,2
68,Gerrit Cole,NYY,8,8,0,23,23,134.1,9.2,2.63,1.33,0.285,73.70%,37.90%,3.94,4,2
69,Gavin Williams,CLE,10,11,0,31,31,177.1,9.19,3.88,1.16,0.296,73.50%,42.00%,4.09,4.17,2
70,Reid Detmers,LAA,8,9,0,36,24,150.2,9.52,3.44,1.22,0.295,73.40%,39.70%,4.03,4.06,2
71,Shota Imanaga,CHC,9,9,0,26,26,155,8.16,1.96,1.55,0.284,74.20%,33.50%,4.11,4.29,2
72,Trey Yesavage,TOR,8,7,0,35,21,132.2,10.03,3.64,1.08,0.29,74.40%,41.30%,3.72,3.78,2
73,Chris Bassitt,BAL,10,11,0,37,29,179.1,8.14,3.04,1.22,0.301,71.50%,43.80%,4.3,4.28,1.9
74,Edward Cabrera,CHC,9,9,0,26,26,142.1,9.57,3.64,1.06,0.297,72.40%,45.60%,3.96,3.91,1.9
75,Michael Wacha,KCR,10,11,0,29,29,170,7.16,2.65,1.35,0.294,70.90%,37.70%,4.5,4.48,1.9
76,Max Meyer,MIA,8,9,0,34,24,149,8.29,2.92,1.12,0.301,72.20%,46.20%,4.05,4,1.9
77,Clay Holmes,NYM,10,9,0,28,28,154,7.52,3.62,0.84,0.302,72.50%,54.30%,3.88,4.05,1.9
78,Reynaldo López,ATL,9,9,0,34,24,150,9.13,3.12,1.16,0.299,72.50%,40.10%,4.06,3.92,1.9
79,Braxton Garrett,MIA,7,7,0,27,19,117,7.89,2.25,1.04,0.303,72.00%,47.30%,3.84,3.8,1.9
80,Bubba Chandler,PIT,9,10,0,38,26,162.1,8.22,3.52,1.15,0.296,71.60%,41.50%,4.3,4.3,1.8
81,Taj Bradley,MIN,8,9,0,36,24,145.1,8.8,3.19,1.25,0.298,72.40%,39.90%,4.23,4.15,1.8
82,Shane Baz,BAL,9,10,0,28,28,159,8.84,3.29,1.28,0.298,72.20%,42.10%,4.29,4.26,1.8
83,Brayan Bello,BOS,9,10,0,28,28,156,7.49,3.17,1.05,0.311,70.30%,49.60%,4.41,4.21,1.8
84,Brandon Pfaadt,ARI,10,10,0,29,29,164,7.81,2.15,1.27,0.304,70.60%,41.20%,4.31,4.07,1.8
85,Shane Smith,CHW,9,11,0,29,29,168.1,8.25,3.45,1.26,0.294,71.80%,41.60%,4.37,4.45,1.8
86,Luis Severino,ATH,10,11,0,29,29,172.2,7.36,2.9,1.32,0.297,70.90%,42.30%,4.51,4.54,1.8
87,Jeffrey Springs,ATH,9,11,0,29,29,166,7.72,2.88,1.5,0.291,71.70%,35.70%,4.62,4.64,1.8
88,Tatsuya Imai,HOU,9,9,0,26,26,153,8.55,3.65,1.16,0.305,71.60%,45.60%,4.37,4.27,1.8
89,Seth Lugo,KCR,9,10,0,28,28,161.1,7.73,2.94,1.3,0.301,71.20%,41.20%,4.49,4.4,1.7
90,Jared Jones,PIT,7,6,0,24,18,107,9.51,3.02,1.13,0.294,73.40%,39.10%,3.83,3.79,1.7
91,Braxton Ashcraft,PIT,8,9,0,45,23,145.1,7.64,2.94,1.03,0.302,71.60%,46.20%,4.08,4.03,1.7
92,Mike Burrows,HOU,9,9,0,34,26,146.1,8.73,3.1,1.31,0.293,72.40%,41.00%,4.24,4.24,1.7
93,Justin Verlander,DET,8,9,0,26,26,143.1,7.53,2.76,1.33,0.284,71.40%,33.20%,4.37,4.42,1.6
94,Robbie Ray,SFG,10,11,0,31,31,179.2,9.39,3.45,1.28,0.291,73.00%,36.20%,4.2,4.17,1.6
95,Kodai Senga,NYM,9,8,0,35,23,137.1,9.04,3.84,1.07,0.292,73.80%,43.70%,3.92,4.06,1.6
96,Hunter Greene,CIN,5,5,0,15,15,82.2,10.79,3.01,1.38,0.284,74.30%,33.60%,3.91,3.9,1.6
97,Kumar Rocker,TEX,8,9,0,39,23,138,7.9,2.85,1.17,0.302,71.30%,45.70%,4.23,4.13,1.6
98,Anthony Kay,CHW,8,9,0,41,21,140,7.18,3.33,1.06,0.303,72.70%,49.60%,4.14,4.3,1.6
99,Cam Schlittler,NYY,8,8,0,23,23,126.1,8.61,3.44,1.16,0.288,73.10%,44.00%,4.01,4.19,1.6
100,Zach Eflin,BAL,9,9,0,36,26,156,7.06,1.7,1.41,0.3,71.60%,42.60%,4.32,4.27,1.6
101,Dustin May,STL,9,10,0,36,26,161.1,8.27,3.35,1.14,0.297,71.70%,42.60%,4.22,4.22,1.6
102,Jack Leiter,TEX,9,10,0,28,28,149.2,8.7,3.82,1.34,0.29,71.80%,37.30%,4.52,4.54,1.6
103,Noah Cameron,KCR,9,9,0,26,26,148.1,7.4,3.02,1.23,0.298,72.10%,43.00%,4.31,4.39,1.6
104,Ryne Nelson,ARI,10,10,0,38,28,163.2,7.49,2.56,1.22,0.302,71.20%,39.60%,4.32,4.19,1.6
105,Eduardo Rodriguez,ARI,8,8,0,31,23,133.2,8,3.13,1.2,0.3,72.10%,39.90%,4.28,4.22,1.5
106,Jacob Misiorowski,MIL,8,9,0,32,24,143,9.8,4.28,1.18,0.288,73.50%,39.50%,4.11,4.27,1.5
107,Mason Miller,SDP,4,2,32,66,0,66,14.27,3.46,0.75,0.282,80.40%,36.80%,2.39,2.31,1.5
108,Kyle Freeland,COL,8,12,0,29,29,167.2,6.71,2.37,1.51,0.317,68.80%,40.70%,5.15,4.74,1.5
109,Roki Sasaki,LAD,7,7,0,40,18,119.1,8.58,3.32,1.17,0.301,72.00%,46.40%,4.2,4.18,1.5
110,Sean Manaea,NYM,8,7,0,48,18,126.2,9.35,2.92,1.24,0.286,74.20%,38.70%,3.82,3.97,1.5
111,Zack Littell,WSN,8,10,0,26,26,151.2,6.68,1.94,1.5,0.293,70.70%,38.50%,4.56,4.58,1.5
112,Zebby Matthews,MIN,6,6,0,34,16,105.1,8.47,2.24,1.25,0.297,72.40%,39.70%,4.01,3.9,1.5
113,Simeon Woods Richardson,MIN,8,10,0,36,26,149.2,8.07,3.42,1.35,0.295,71.40%,36.20%,4.59,4.53,1.5
114,Jameson Taillon,CHC,8,10,0,26,26,147,7.01,2.18,1.47,0.292,70.90%,37.70%,4.53,4.52,1.5
115,Jacob Lopez,ATH,8,8,0,23,23,124,9.01,3.67,1.35,0.289,72.70%,36.30%,4.35,4.46,1.5
116,Parker Messick,CLE,8,9,0,24,24,138.1,8.01,3.1,1.15,0.296,72.70%,44.70%,4.08,4.19,1.4
117,Will Warren,NYY,8,8,0,43,21,134,8.78,3.13,1.22,0.292,73.50%,43.70%,4.02,4.12,1.4
118,Grant Holmes,ATL,9,9,0,36,24,147.1,8.74,3.44,1.17,0.304,72.20%,43.30%,4.26,4.16,1.4
119,Joey Cantillo,CLE,8,9,0,54,21,148.2,9.19,3.91,1.12,0.292,74.20%,42.20%,3.95,4.11,1.4
120,Tyler Mahle,SFG,8,9,0,26,26,148,7.68,2.7,1.19,0.295,71.90%,40.50%,4.17,4.14,1.4
121,Ryan Weathers,NYY,8,7,0,37,19,124.1,8.87,3.05,1.23,0.289,74.90%,41.70%,3.84,4.08,1.4
122,Bryce Miller,SEA,9,9,0,26,26,143.1,7.99,2.71,1.35,0.286,72.70%,37.60%,4.2,4.32,1.4
123,Spencer Schwellenbach,ATL,5,4,0,13,13,77,8.79,2.07,1.09,0.301,73.20%,45.30%,3.65,3.56,1.4
124,Nick Martinez,TBR,8,9,0,47,21,144.1,7.09,2.45,1.3,0.296,71.00%,41.00%,4.39,4.36,1.4
125,Chad Patrick,MIL,8,10,0,26,26,148,8.12,2.94,1.5,0.283,72.30%,35.10%,4.47,4.61,1.3
126,Michael McGreevy,STL,8,9,0,31,23,137.1,6.1,2.21,1.06,0.301,71.50%,49.70%,4.05,4.14,1.3
127,Davis Martin,CHW,8,11,0,28,28,159,7.03,3.15,1.34,0.298,71.10%,43.00%,4.63,4.69,1.3
128,Max Scherzer,TOR,7,7,0,38,18,117.1,9,2.38,1.51,0.283,73.00%,31.00%,4.21,4.23,1.3
129,Justin Steele,CHC,5,5,0,15,15,83,8.53,2.54,1.06,0.296,73.90%,45.30%,3.63,3.72,1.3
130,Matthew Liberatore,STL,9,10,0,28,28,157.1,7.42,3,1.21,0.296,71.60%,40.30%,4.33,4.35,1.3
131,Andre Pallante,STL,8,9,0,24,24,136.1,6.27,3.49,0.85,0.31,71.10%,56.50%,4.21,4.23,1.3
132,Aaron Civale,ATH,8,9,0,24,24,133.2,7.76,2.85,1.51,0.294,71.20%,37.30%,4.7,4.68,1.3
133,Quinn Priester,MIL,7,8,0,21,21,117.1,7.31,3.11,1.07,0.303,71.90%,51.00%,4.16,4.22,1.3
134,Connelly Early,BOS,5,4,0,32,10,76.2,9.05,3.3,0.93,0.301,73.70%,48.20%,3.65,3.72,1.3
135,Grant Taylor,CHW,5,5,5,79,3,93.2,10.39,3.49,0.92,0.295,75.50%,45.10%,3.35,3.41,1.3
136,Robby Snelling,MIA,6,7,0,18,18,101.2,7.45,3.2,1.06,0.297,72.70%,46.80%,4.03,4.18,1.3
137,Cade Horton,CHC,8,9,0,24,24,134,7.88,3.05,1.29,0.292,71.90%,39.90%,4.33,4.4,1.2
138,Jhoan Duran,PHI,4,3,29,70,0,70,10.73,2.97,0.66,0.301,76.50%,54.70%,2.78,2.84,1.2
139,Lance McCullers Jr.,HOU,7,8,0,37,19,120.1,8.48,4.01,1.15,0.3,72.00%,45.90%,4.35,4.39,1.2
140,Logan Henderson,MIL,6,6,0,31,15,98,8.87,2.73,1.43,0.282,73.20%,34.90%,4.17,4.25,1.2
141,Griffin Jax,TBR,4,3,12,68,0,68,11.34,2.73,0.85,0.295,76.60%,44.30%,2.94,2.86,1.2
142,Chris Paddack,MIA,7,10,0,37,23,137.2,6.95,2.29,1.45,0.296,70.80%,38.20%,4.58,4.54,1.2
143,Rhett Lowder,CIN,7,9,0,31,21,129.1,7.09,3,1.35,0.299,71.00%,45.60%,4.59,4.64,1.2
144,Slade Cecconi,CLE,8,11,0,28,28,157.1,7.55,2.39,1.48,0.296,71.50%,39.50%,4.52,4.5,1.2
145,Miles Mikolas,WSN,7,10,0,26,26,143,6.11,2.03,1.47,0.296,70.10%,40.20%,4.68,4.67,1.1
146,Edwin Díaz,LAD,4,3,36,66,0,66,12.38,3.28,0.9,0.288,76.30%,41.60%,3.03,2.92,1.1
147,Johan Oviedo,BOS,6,6,0,51,11,102.1,8.9,3.62,1.11,0.301,72.10%,41.60%,4.19,4.12,1.1
148,Landen Roupp,SFG,8,8,0,33,23,132,8.33,3.54,1.02,0.3,72.20%,45.90%,4.09,4.05,1.1
149,J.T. Ginn,ATH,5,5,0,44,10,86.1,8.38,2.97,1.03,0.302,72.60%,49.00%,3.89,3.9,1.1
150,Patrick Sandoval,BOS,5,5,0,42,10,85.2,8.65,3.41,0.95,0.303,73.50%,46.40%,3.79,3.83,1.1
151,Adrian Houser,SFG,8,10,0,26,26,147.1,6.54,2.99,1.01,0.305,70.50%,49.40%,4.33,4.28,1.1
152,Michael Lorenzen,COL,7,11,0,26,26,149,7.32,3.33,1.51,0.313,69.10%,41.50%,5.27,4.93,1.1
153,Ian Seymour,TBR,6,7,0,45,15,112.1,8.56,2.74,1.31,0.285,73.30%,36.90%,4.03,4.19,1.1
154,José Berríos,TOR,7,7,0,51,15,119,7.98,2.58,1.31,0.294,72.30%,41.20%,4.22,4.26,1.1
155,Carmen Mlodzinski,PIT,6,6,0,61,11,108.2,7.89,3.23,0.99,0.303,72.00%,46.20%,4.05,4,1.1
156,Joe Boyle,TBR,5,6,0,35,13,91,10.11,4.72,0.97,0.293,73.60%,43.20%,3.92,4.01,1.1
157,Cade Smith,CLE,4,3,30,70,0,70,11.35,2.84,0.88,0.292,76.70%,41.30%,2.99,2.96,1.1
158,Jose Quintana,COL,7,11,0,26,26,147.2,6.33,3.45,1.38,0.319,68.60%,44.80%,5.39,4.99,1
159,Jeremiah Estrada,SDP,4,3,0,70,0,70,11.89,3.68,1.02,0.283,77.30%,35.70%,3.21,3.29,1
160,Aroldis Chapman,BOS,3,3,31,62,0,62,12.55,4.09,0.84,0.294,77.80%,41.10%,3.01,3.02,1
161,Drew Anderson,DET,5,4,0,63,5,85.2,9.83,3.32,0.99,0.298,73.50%,41.60%,3.72,3.62,1
162,Luis Morales,ATH,7,8,0,33,19,123,7.8,3.66,1.35,0.293,71.40%,40.00%,4.61,4.69,1
163,Kyle Harrison,MIL,6,7,0,32,18,111.1,9.1,3.54,1.33,0.288,73.40%,36.80%,4.22,4.35,1
164,Michael Soroka,ARI,6,6,5,52,11,102.1,9.16,3.16,1.06,0.303,71.70%,42.20%,4.04,3.89,1
165,Hunter Barco,PIT,5,6,0,41,11,94.2,8.05,3.69,1.05,0.297,72.70%,44.00%,4.11,4.25,1
166,Bryce Elder,ATL,7,7,0,25,19,115,7.33,3,1.15,0.31,70.60%,48.20%,4.49,4.29,1
167,Bryan Abreu,HOU,4,3,5,68,0,68,11.7,3.66,0.93,0.29,76.10%,39.70%,3.23,3.24,1
168,Lucas Giolito,,7,8,0,21,21,125.2,8.01,3.46,1.45,0.292,71.50%,37.00%,4.69,4.69,0.9
169,Brandon Sproat,MIL,5,6,0,33,15,100.1,7.43,3.38,1.12,0.295,71.70%,47.20%,4.24,4.38,0.9
170,Ryan Feltner,COL,6,9,0,33,19,121.1,7.44,3.47,1.38,0.315,68.70%,43.10%,5.16,4.75,0.9
171,Sean Burke,CHW,7,10,0,26,26,142,8.11,4.01,1.48,0.289,71.80%,36.60%,4.81,4.93,0.9
172,Ben Brown,CHC,4,3,0,55,3,69.2,10.17,2.81,1.04,0.292,74.90%,41.50%,3.43,3.41,0.9
173,Dean Kremer,BAL,6,7,0,40,16,115,7.84,2.66,1.41,0.297,72.10%,38.70%,4.43,4.4,0.9
174,Cristian Javier,HOU,8,11,0,28,28,157.1,8.26,3.66,1.64,0.283,71.20%,28.50%,4.95,5,0.9
175,Andrew Alvarez,WSN,5,6,0,37,13,96.1,6.44,3.51,1,0.299,72.10%,50.00%,4.18,4.45,0.9
176,Josh Hader,HOU,3,3,29,61,0,61,12.31,3.45,1.15,0.278,77.40%,31.40%,3.29,3.32,0.9
177,Abner Uribe,MIL,4,3,19,72,0,72,10.82,4.11,0.76,0.296,76.30%,48.60%,3.16,3.34,0.9
178,Ryan Johnson,LAA,4,5,0,26,10,71.1,7.7,2.94,1.26,0.299,71.90%,44.10%,4.31,4.33,0.8
179,Logan Allen,CLE,6,8,0,27,19,114,7.31,3.49,1.29,0.297,72.50%,42.40%,4.47,4.65,0.8
180,Garrett Cleavinger,TBR,3,3,10,65,0,65,11.43,3.48,0.95,0.29,76.40%,40.60%,3.22,3.29,0.8
181,Mick Abel,MIN,7,9,0,37,23,137.2,7.92,4.1,1.2,0.3,71.20%,42.60%,4.62,4.59,0.8
182,Tomoyuki Sugano,COL,5,9,0,21,21,115.2,5.65,2.12,1.59,0.319,67.40%,44.60%,5.46,5.02,0.8
183,David Bednar,NYY,4,3,33,65,0,65,10.95,3.07,1.03,0.282,76.30%,38.00%,3.25,3.31,0.8
184,Garrett Whitlock,BOS,4,3,3,70,0,70,9.94,2.65,0.96,0.302,74.10%,43.40%,3.47,3.32,0.8
185,Jake Irvin,WSN,7,9,0,38,21,134.1,6.95,2.85,1.38,0.297,70.90%,42.10%,4.61,4.65,0.8
186,José Alvarado,PHI,3,3,3,64,0,64,10.4,3.68,0.88,0.295,76.30%,47.30%,3.26,3.43,0.8
187,David Festa,MIN,3,3,0,28,6,57.1,9.29,3.04,1.13,0.297,73.00%,40.40%,3.92,3.83,0.8
188,Robert Gasser,MIL,4,5,0,36,10,80,8.12,2.79,1.3,0.288,72.80%,39.20%,4.13,4.31,0.8
189,Jeff Hoffman,TOR,3,3,26,63,0,63,10.93,3.22,1.05,0.286,75.70%,37.10%,3.4,3.44,0.8
190,Will Vest,DET,4,3,5,68,0,68,9.21,2.81,0.8,0.299,74.70%,48.10%,3.25,3.29,0.8
191,Trevor Megill,MIL,3,3,11,66,0,66,11.12,3.26,1.03,0.289,75.30%,37.10%,3.43,3.35,0.8
192,Andrés Muñoz,SEA,4,3,28,64,0,64,11.36,3.63,0.76,0.29,77.00%,46.90%,2.93,3.06,0.8
193,Louis Varland,TOR,4,3,2,67,0,67,9.23,2.38,1,0.297,74.90%,46.40%,3.38,3.44,0.8
194,Devin Williams,NYM,4,3,32,64,0,64,11.45,3.92,0.83,0.286,76.60%,42.70%,3.11,3.23,0.7
195,Hunter Harvey,CHC,3,2,4,52,0,52,10.08,2.76,0.95,0.293,74.50%,43.00%,3.35,3.31,0.7
196,Griffin Canning,SDP,6,7,0,32,18,110.2,7.96,3.25,1.32,0.295,72.90%,41.70%,4.32,4.45,0.7
197,Fernando Cruz,NYY,3,3,1,61,0,61,11.92,3.96,1.01,0.282,76.90%,36.90%,3.3,3.38,0.7
198,Chris Martin,TEX,3,2,8,55,0,55,9.16,2.05,1.02,0.299,74.10%,45.00%,3.44,3.36,0.7
199,Andrew Painter,PHI,7,8,0,35,19,126.2,6.98,3.31,1.39,0.292,71.20%,42.50%,4.66,4.79,0.7
200,Tanner Scott,LAD,4,3,4,63,0,63,10.48,3.74,1.01,0.292,76.20%,44.40%,3.44,3.64,0.7
201,Robert Suarez,ATL,4,3,8,67,0,67,9.84,2.85,1.02,0.298,74.80%,41.80%,3.51,3.48,0.7
202,Luis Gil,NYY,5,5,0,41,11,92.1,9.34,4.11,1.34,0.281,74.00%,34.60%,4.25,4.49,0.7
203,Pete Fairbanks,MIA,3,3,26,62,0,62,9.52,3.21,0.96,0.294,74.00%,42.90%,3.57,3.58,0.7
204,Janson Junk,MIA,5,6,0,48,10,92.2,6.53,1.92,1.28,0.297,70.50%,42.50%,4.33,4.28,0.7
205,Adrian Morejon,SDP,4,3,3,68,0,68,9.28,3.01,0.92,0.294,75.30%,45.20%,3.36,3.49,0.7
206,Ryan Weiss,HOU,5,5,0,48,8,86.1,8.56,3.37,1.14,0.303,71.80%,45.00%,4.24,4.17,0.7
207,Matt Brash,SEA,3,3,3,63,0,63,10.74,3.53,0.8,0.291,76.60%,46.20%,3.05,3.21,0.7
208,Ryan Helsley,BAL,3,3,26,64,0,64,10.66,3.47,1.03,0.294,75.60%,40.10%,3.48,3.5,0.7
209,Matt Strahm,KCR,3,3,2,66,0,66,9.85,2.83,1.2,0.288,74.40%,31.20%,3.76,3.76,0.7
210,Germán Márquez,SDP,6,8,0,27,19,112,7,2.96,1.43,0.296,71.00%,40.20%,4.7,4.75,0.6
211,Corbin Burnes,ARI,2,2,0,6,6,38,8.94,2.81,0.96,0.307,71.90%,46.30%,3.84,3.59,0.6
212,Brad Lord,WSN,5,5,6,71,5,92.1,7.66,2.89,1.05,0.296,72.90%,46.90%,3.9,4.05,0.6
213,Bryan Baker,TBR,3,3,3,63,0,63,10.11,3.29,1.11,0.287,74.80%,37.30%,3.65,3.68,0.6
214,Kyle Leahy,STL,6,7,0,53,15,120,7.12,3.31,1.13,0.298,72.00%,44.00%,4.29,4.39,0.6
215,Orion Kerkering,PHI,3,2,0,54,0,54,9.76,3.42,0.96,0.292,74.70%,44.80%,3.51,3.65,0.6
216,Stephen Kolek,KCR,4,4,0,36,8,74.2,6.57,2.75,0.98,0.312,70.70%,51.50%,4.26,4.16,0.6
217,Jose A. Ferrer,SEA,4,3,3,70,0,70,8.68,2.73,0.76,0.297,75.40%,52.50%,3.11,3.36,0.6
218,Hurston Waldrep,ATL,4,4,0,11,11,64,7.94,4,1.01,0.307,71.70%,49.50%,4.31,4.28,0.6
219,Chase Dollander,COL,6,9,0,43,19,128,7.78,3.94,1.45,0.31,68.80%,41.20%,5.28,4.98,0.6
220,Richard Fitts,STL,7,9,0,36,23,134.2,6.62,2.83,1.29,0.295,71.00%,42.40%,4.51,4.59,0.6
221,Camilo Doval,NYY,3,3,2,64,0,64,10.36,4.2,0.84,0.293,75.30%,47.70%,3.41,3.59,0.6
222,Gage Jump,ATH,3,3,0,10,10,55.1,7.58,3.29,1.27,0.297,72.00%,42.40%,4.42,4.51,0.6
223,Alex Vesia,LAD,3,3,1,61,0,61,11.1,3.79,1.3,0.276,76.90%,30.00%,3.69,3.93,0.6
224,Aaron Ashby,MIL,4,4,1,69,2,76,9.26,4.17,0.8,0.302,74.60%,52.50%,3.57,3.76,0.6
225,Brandon Williamson,CIN,5,6,0,35,13,94,7.87,3.07,1.55,0.293,72.40%,37.80%,4.65,4.77,0.6
226,Lucas Erceg,KCR,3,3,4,64,0,64,9.09,3.32,0.89,0.303,73.60%,46.40%,3.65,3.67,0.6
227,Aaron Bummer,ATL,3,3,0,60,0,60,9.22,3.4,0.71,0.312,74.10%,54.70%,3.39,3.42,0.5
228,Jonathan Cannon,CHW,5,8,0,46,15,110.1,6.88,3.11,1.45,0.292,71.00%,40.30%,4.74,4.87,0.5
229,Erick Fedde,CHW,5,8,0,28,18,108,6.77,3.44,1.44,0.296,70.50%,41.60%,4.93,4.95,0.5
230,Kyle Hurt,LAD,3,3,0,31,5,53.1,9.37,3.69,1.17,0.293,73.80%,43.50%,3.98,4.09,0.5
231,Kutter Crawford,BOS,3,3,0,39,5,61,9.02,2.44,1.37,0.293,72.40%,33.50%,4.16,4.04,0.5
232,Gabe Speier,SEA,3,3,0,58,0,58,10.31,2.77,0.98,0.287,76.10%,41.20%,3.21,3.32,0.5
233,Robert Garcia,TEX,3,3,20,64,0,64,9.84,3.26,1.03,0.295,75.50%,42.10%,3.53,3.64,0.5
234,Seranthony Domínguez,CHW,3,3,20,63,0,63,10.17,4.13,1.09,0.288,74.50%,39.40%,3.83,3.95,0.5
235,Jacob Latz,TEX,5,5,0,52,8,89.1,8.73,4.33,1.21,0.29,73.60%,38.70%,4.29,4.49,0.5
236,Dylan Lee,ATL,3,3,1,65,0,65,9.89,2.73,1.19,0.293,75.80%,37.20%,3.59,3.64,0.5
237,Ryan Walker,SFG,3,3,30,63,0,63,9.72,2.81,0.85,0.299,74.50%,46.50%,3.29,3.3,0.5
238,Jared Koenig,MIL,3,3,1,65,0,65,9.45,3.21,1,0.294,75.40%,43.20%,3.5,3.68,0.5
239,Gregory Soto,PIT,3,3,2,64,0,64,9.74,3.7,0.83,0.302,73.90%,44.90%,3.57,3.6,0.5
240,Mark Leiter Jr.,ATH,3,3,6,64,0,64,9.3,3.56,1.06,0.297,73.20%,44.50%,3.91,3.95,0.5
241,Hunter Dobbins,STL,5,6,0,31,13,89.1,6.58,2.94,1.2,0.293,71.50%,44.30%,4.35,4.52,0.5
242,Connor Prielipp,MIN,3,3,0,39,5,61.2,8.3,3.37,1.05,0.301,72.80%,43.90%,4.03,4.06,0.5
243,Patrick Corbin,,4,4,0,11,11,63,7.11,2.89,1.35,0.299,71.30%,43.60%,4.55,4.56,0.5
244,Drew Pomeranz,LAA,3,3,3,56,0,56,9.8,3.21,1.15,0.293,74.90%,38.80%,3.73,3.84,0.5
245,A.J. Puk,ARI,2,2,7,42,0,42,10.28,3.12,0.95,0.296,74.50%,40.60%,3.46,3.41,0.5
246,Raisel Iglesias,ATL,3,3,26,66,0,66,9.72,2.62,1.15,0.295,74.20%,37.20%,3.71,3.62,0.5
247,Edwin Uceta,TBR,3,3,10,56,0,56,10.44,3.29,1.13,0.283,74.80%,34.80%,3.63,3.7,0.5
248,Randy Vásquez,SDP,7,10,0,36,24,141.1,6.26,3.3,1.41,0.292,70.10%,39.90%,4.9,5.05,0.5
249,Cody Bradford,TEX,4,4,0,38,6,68.2,8.09,2.24,1.44,0.29,72.60%,34.90%,4.24,4.26,0.5
250,Blake Treinen,LAD,3,2,0,54,0,54,9.95,3.4,1.1,0.296,74.10%,42.30%,3.79,3.78,0.5
251,Andrew Nardi,MIA,3,3,0,60,0,60,10.69,3.74,1.07,0.289,75.80%,37.10%,3.56,3.67,0.5
252,Daniel Palencia,CHC,3,3,32,67,0,67,10.05,3.69,1.02,0.29,74.80%,40.70%,3.61,3.73,0.5
253,Paul Blackburn,NYY,3,3,0,55,2,62,7.94,2.34,1.23,0.292,73.60%,44.20%,3.9,4.04,0.5
254,Spencer Arrighetti,HOU,5,5,0,27,13,85,8.88,3.85,1.36,0.292,71.60%,38.20%,4.55,4.55,0.5
255,Ben Joyce,LAA,2,2,15,48,0,48,10.98,4.17,0.89,0.296,75.60%,44.10%,3.42,3.53,0.5
256,Jason Adam,SDP,3,3,1,61,0,61,9.88,3.33,1.03,0.288,73.80%,40.60%,3.65,3.7,0.5
257,Cole Sands,MIN,3,3,4,68,0,68,8.94,2.84,1.08,0.299,72.40%,40.00%,3.92,3.8,0.5
258,Brock Stewart,LAD,2,2,0,40,0,40,10.76,3.47,1.15,0.288,75.50%,37.90%,3.62,3.69,0.5
259,Colin Rea,CHC,4,5,0,48,8,84.2,7.5,2.49,1.34,0.294,71.70%,40.80%,4.33,4.36,0.5
260,Bryan King,HOU,3,3,1,67,0,67,8.98,2.88,1.1,0.294,74.20%,43.10%,3.72,3.83,0.5
261,Troy Melton,DET,3,3,0,38,3,53.1,8.31,2.64,1.17,0.29,73.30%,40.10%,3.88,3.95,0.5
262,Angel Zerpa,MIL,3,3,0,60,0,60,8.83,3.14,0.9,0.301,75.00%,49.70%,3.46,3.64,0.5
263,Luis Medina,ATH,4,4,0,48,6,78,8.45,3.74,1.2,0.297,72.30%,41.50%,4.33,4.39,0.4
264,Caleb Thielbar,CHC,3,3,1,66,0,66,9.46,3.23,1.15,0.285,75.20%,37.60%,3.68,3.85,0.4
265,Tyler Holton,DET,4,3,1,72,0,72,7.82,2.47,1.03,0.296,73.50%,44.70%,3.71,3.81,0.4
266,A.J. Minter,NYM,3,2,2,52,0,52,10.29,3.25,1.01,0.283,76.40%,38.20%,3.3,3.49,0.4
267,Tanner Banks,PHI,3,3,1,63,0,63,8.68,2.77,1.17,0.291,74.20%,41.20%,3.79,3.93,0.4
268,Yimi García,TOR,3,3,4,56,0,56,10.11,3.13,1.07,0.288,74.70%,39.30%,3.56,3.62,0.4
269,Kevin Ginkel,ARI,3,3,2,59,0,59,9.3,3.26,0.94,0.305,72.90%,43.00%,3.79,3.63,0.4
270,Jordan Montgomery,TEX,3,3,0,18,6,48.1,7.11,2.66,1.21,0.299,71.70%,42.80%,4.28,4.3,0.4
271,Jordan Romano,LAA,3,3,10,60,0,60,9.59,3.5,1.21,0.293,73.30%,38.20%,4.06,4.06,0.4
272,Keaton Winn,SFG,3,3,0,54,2,61,8.28,2.59,0.94,0.302,72.70%,48.50%,3.7,3.66,0.4
273,Sean Newcomb,CHW,3,3,1,66,0,66,8.95,3.64,1.04,0.294,74.50%,43.90%,3.77,3.99,0.4
274,Jordan Leasure,CHW,3,3,5,64,0,64,9.98,4.1,1.24,0.284,75.10%,35.90%,3.96,4.18,0.4
275,Justin Slaten,BOS,3,3,0,61,0,61,8.68,2.98,1.08,0.301,72.60%,42.50%,3.97,3.87,0.4
276,Payton Tolle,BOS,2,2,0,13,5,35,8.93,3.14,1.25,0.295,73.20%,39.10%,4.08,4.11,0.4
277,Kyle Finnegan,DET,3,3,4,64,0,64,8.77,3.22,0.99,0.296,73.40%,44.60%,3.77,3.78,0.4
278,Jonah Tong,NYM,2,1,0,11,3,25.2,10.31,3.76,0.94,0.289,75.60%,44.50%,3.41,3.55,0.4
279,Didier Fuentes,ATL,3,4,0,42,5,63.2,8.5,3.02,1.32,0.296,72.00%,38.20%,4.32,4.29,0.4
280,Yennier Cano,BAL,3,3,1,60,0,60,8.52,3.34,0.89,0.308,73.40%,51.90%,3.74,3.76,0.4
281,Justin Wrobleski,LAD,4,3,0,42,5,64.1,8.05,3.16,1.25,0.293,73.40%,44.20%,4.1,4.31,0.4
282,Emilio Pagán,CIN,3,3,27,66,0,66,9.92,3.2,1.49,0.283,74.60%,31.40%,4.14,4.24,0.4
283,Trevor McDonald,SFG,3,4,0,26,8,64.1,6.94,2.95,0.93,0.303,71.10%,52.00%,4.06,4.1,0.4
284,Taylor Rogers,MIN,3,3,19,61,0,61,9.39,3.91,1.04,0.298,73.70%,41.40%,3.94,4.01,0.4
285,River Ryan,LAD,4,4,0,20,10,65,7.33,3.45,1.37,0.296,71.10%,43.70%,4.69,4.78,0.4
286,Brusdar Graterol,LAD,2,2,0,44,0,44,8.14,2.92,0.93,0.302,73.70%,51.70%,3.64,3.76,0.4
287,Graham Ashcraft,CIN,3,3,2,65,0,65,7.94,2.68,1.08,0.304,72.60%,48.90%,3.95,3.97,0.4
288,Brendon Little,TOR,3,2,0,54,0,54,9.52,4.53,0.72,0.301,75.90%,53.80%,3.37,3.69,0.4
289,Taijuan Walker,PHI,6,8,0,50,16,121.1,6.42,3.15,1.47,0.293,71.20%,41.80%,4.8,5.01,0.4
290,Kody Funderburk,MIN,3,3,3,65,0,65,8.65,3.69,0.83,0.306,73.70%,50.00%,3.69,3.8,0.4
291,Danny Coulombe,BOS,3,3,0,55,0,55,8.71,3.34,1.07,0.3,73.20%,42.00%,3.98,3.97,0.4
292,Clarke Schmidt,NYY,2,2,0,17,3,32,9.16,2.92,1.22,0.286,74.40%,39.30%,3.79,3.97,0.4
293,Dietrich Enns,BAL,3,3,0,62,0,62,8.09,2.68,1.15,0.301,73.60%,43.60%,3.94,4.01,0.4
294,Tyler Anderson,LAA,4,5,0,13,13,74.1,6.85,3.55,1.46,0.287,70.90%,33.80%,4.89,5.02,0.4
295,Tyler Wells,BAL,4,4,0,57,3,72.1,8.47,2.21,1.53,0.289,73.00%,32.60%,4.29,4.3,0.4
296,Tommy Nance,TOR,3,3,0,58,0,58,8.32,2.87,0.95,0.301,72.70%,48.90%,3.76,3.75,0.4
297,Brant Hurter,DET,3,3,0,55,0,55,7.97,2.7,0.91,0.298,73.20%,47.30%,3.64,3.78,0.4
298,Andrew Kittredge,BAL,3,3,3,60,0,60,8.94,2.62,1.13,0.304,73.00%,44.30%,3.89,3.75,0.4
299,Carson Whisenhunt,SFG,3,4,0,20,8,57.1,7.19,3.19,1.14,0.296,72.00%,44.30%,4.26,4.37,0.4
300,George Klassen,LAA,3,3,0,19,6,50,8.16,3.84,1.22,0.297,72.10%,43.70%,4.42,4.5,0.4
301,Jordan Hicks,CHW,3,3,2,62,0,62,8.58,3.65,0.94,0.302,73.30%,49.00%,3.83,3.98,0.4
302,Steven Okert,HOU,3,3,0,64,0,64,10.05,3.47,1.34,0.281,74.70%,31.20%,3.98,4.13,0.3
303,Mason Englert,TBR,3,3,1,61,0,61,8.35,2.82,1.18,0.293,72.70%,41.50%,4.02,4.04,0.3
304,Luke Weaver,NYM,4,3,4,67,0,67,9.58,2.84,1.24,0.284,75.50%,35.10%,3.69,3.85,0.3
305,Riley O'Brien,STL,3,3,13,63,0,63,9.13,3.84,0.79,0.301,74.20%,50.40%,3.54,3.71,0.3
306,Jovani Morán,BOS,3,2,0,52,0,52,9.52,3.91,0.93,0.301,74.20%,44.80%,3.74,3.77,0.3
307,Tobias Myers,NYM,4,4,0,61,3,75.2,7.93,2.36,1.29,0.286,73.60%,38.00%,3.95,4.13,0.3
308,Yoendrys Gómez,TBR,3,3,0,54,2,61,9.23,3.49,1.23,0.288,73.20%,37.20%,4.1,4.17,0.3
309,Kevin Kelly,TBR,2,2,0,48,0,48,7.89,2.37,1.05,0.3,72.30%,46.60%,3.84,3.84,0.3
310,Christian Scott,NYM,2,2,0,26,2,33,9.07,2.37,1.2,0.284,74.60%,38.10%,3.62,3.76,0.3
311,Clayton Beeter,WSN,3,3,15,63,0,63,10.06,4.5,1,0.289,74.80%,40.70%,3.78,3.97,0.3
312,Eric Lauer,TOR,3,3,0,51,3,65.2,8.57,2.69,1.4,0.286,74.20%,34.30%,4.08,4.25,0.3
313,Walker Buehler,SDP,4,5,0,33,11,82.2,7.53,3.54,1.31,0.296,70.90%,42.20%,4.67,4.69,0.3
314,Quinn Mathews,STL,3,3,0,8,8,46.1,7.68,4.42,1.06,0.293,72.90%,45.20%,4.27,4.56,0.3
315,Tyler Kinley,ATL,3,3,0,63,0,63,9.76,3.88,1.18,0.292,73.50%,35.60%,4.08,4.07,0.3
316,Jonathan Loáisiga,ARI,3,3,5,60,0,60,7.89,3.06,0.83,0.309,72.40%,51.40%,3.78,3.72,0.3
317,Jack Kochanowicz,LAA,4,6,0,31,11,81.2,5.67,3.36,1.16,0.308,70.20%,51.70%,4.75,4.86,0.3
318,Jakob Junis,TEX,3,3,1,65,0,65,8.09,2.41,1.24,0.297,72.10%,40.20%,4.1,4.06,0.3
319,Kirby Yates,LAA,2,2,4,48,0,48,10.6,4.11,1.16,0.291,74.60%,36.70%,3.9,3.94,0.3
320,Shawn Armstrong,CLE,3,3,3,68,0,68,9.03,2.9,1.15,0.293,73.00%,38.80%,3.91,3.9,0.3
321,Drew Thorpe,CHW,2,3,0,8,8,45.2,6.93,3.29,1.46,0.29,71.20%,40.60%,4.77,4.9,0.3
322,Brad Keller,PHI,3,3,2,68,0,68,8.01,3.41,1.04,0.3,73.20%,48.60%,3.97,4.12,0.3
323,Justin Martinez,ARI,1,1,0,20,0,20,11.45,4.6,0.62,0.306,76.40%,50.60%,3.07,3.17,0.3
324,Kai-Wei Teng,HOU,3,3,0,54,2,60.2,9.26,3.71,1.11,0.295,72.70%,42.70%,4.05,4.13,0.3
325,Justin Topa,MIN,3,3,4,62,0,62,7.65,3.08,0.92,0.309,71.80%,48.90%,4.02,3.93,0.3
326,Pierce Johnson,CIN,3,3,1,61,0,61,9.96,3.67,1.32,0.292,74.50%,37.60%,4.09,4.15,0.3
327,Eduard Bazardo,SEA,3,3,1,68,0,68,9.23,3.07,1.13,0.286,74.40%,40.00%,3.71,3.85,0.3
328,José Suarez,ATL,3,3,0,49,3,64,8.55,2.97,1.16,0.297,73.90%,41.20%,3.9,4.01,0.3
329,Erik Miller,SFG,3,3,1,62,0,62,10.3,4.6,0.83,0.295,76.10%,45.40%,3.45,3.7,0.3
330,JoJo Romero,STL,3,3,12,64,0,64,8.54,3.59,0.89,0.298,75.00%,48.00%,3.57,3.84,0.3
331,Keider Montero,DET,3,3,0,33,5,54.2,7.73,2.98,1.26,0.293,72.00%,40.90%,4.29,4.35,0.3
332,Kenley Jansen,DET,3,3,23,60,0,60,9.4,3.27,1.23,0.281,72.70%,29.40%,4.06,4.03,0.3
333,Eric Orze,MIN,3,3,1,60,0,60,8.7,4.03,1.05,0.297,72.80%,42.30%,4.13,4.19,0.3
334,Dennis Santana,PIT,3,3,25,68,0,68,8.42,3.28,1.05,0.298,72.60%,39.50%,4.03,4.01,0.3
335,Jonathan Bowlan,PHI,3,3,0,58,0,58,8.44,2.9,1.15,0.291,73.90%,44.40%,3.84,4.01,0.3
336,Caleb Ferguson,CIN,3,3,0,53,0,53,8.81,3.65,1.03,0.3,73.60%,46.90%,3.9,4.05,0.3
337,Alek Manoah,LAA,2,3,0,8,8,45,7.66,3.71,1.39,0.295,70.50%,39.20%,4.83,4.87,0.3
338,Luis García,NYM,3,3,0,60,0,60,8.29,3.29,0.91,0.297,73.30%,48.60%,3.72,3.84,0.3
339,Brooks Raley,NYM,3,3,1,62,0,62,8.76,3.37,1.09,0.288,74.10%,39.80%,3.82,4.06,0.3
340,DJ Herz,WSN,2,2,0,22,2,29,10.22,3.88,1.12,0.284,75.60%,36.60%,3.68,3.89,0.3
341,Scott Barlow,ATH,3,3,4,60,0,60,9.34,4.57,1.06,0.296,72.90%,42.50%,4.2,4.27,0.3
342,Evan Phillips,LAD,2,1,0,28,0,28,10,2.92,1.09,0.293,74.90%,41.50%,3.56,3.58,0.3
343,Sawyer Gipson-Long,DET,1,1,0,19,2,26,8.24,2.41,1.1,0.295,72.60%,42.90%,3.83,3.83,0.3
344,Shane Drohan,MIL,3,3,0,43,3,58.1,9.02,3.64,1.22,0.287,74.30%,38.80%,3.99,4.22,0.3
345,Josh Sborz,TEX,3,3,0,58,0,58,9.29,3.6,1.16,0.294,73.40%,40.20%,4.03,4.04,0.3
346,Thomas White,MIA,2,2,0,5,5,27.2,8.6,4.36,1.1,0.292,73.20%,42.80%,4.18,4.41,0.3
347,Justin Lawrence,PIT,3,3,1,58,0,58,8.85,4.15,0.88,0.304,72.90%,46.40%,3.94,4,0.3
348,Gavin Stone,LAD,2,2,0,15,3,30.1,8.19,2.8,1.32,0.294,72.90%,42.70%,4.19,4.26,0.3
349,JR Ritchie,ATL,2,2,0,6,6,37,7.3,3.44,1.21,0.302,70.80%,45.70%,4.56,4.55,0.3
350,Braydon Fisher,TOR,3,2,0,52,0,52,9.83,3.87,1.16,0.288,74.00%,38.10%,3.97,4.04,0.3
351,Tanner Gordon,COL,3,4,0,28,6,57.1,6.57,2.02,1.7,0.308,68.90%,39.00%,5.19,4.9,0.3
352,Sam Moll,CIN,3,3,0,52,0,52,8.83,3.96,1.14,0.296,74.00%,44.50%,4.06,4.3,0.3
353,Chase Silseth,LAA,3,3,1,62,0,62,8.85,3.69,1.11,0.298,73.20%,45.20%,4.05,4.13,0.3
354,John Schreiber,KCR,3,3,1,64,0,64,8.27,3.38,1.11,0.299,72.70%,42.00%,4.13,4.16,0.3
355,Victor Vodnik,COL,3,3,23,64,0,64,8.85,4.26,1.03,0.319,72.00%,48.20%,4.4,4.18,0.3
356,Noah Schultz,CHW,1,2,0,5,5,27.2,7.3,3.94,1.16,0.297,72.30%,46.10%,4.42,4.67,0.3
357,Tyler Rogers,TOR,4,4,2,74,0,74,6.22,2.07,1,0.303,71.30%,51.10%,3.99,4.02,0.3
358,Bennett Sousa,HOU,2,1,0,30,0,30,9.87,3.28,1.06,0.293,74.90%,41.40%,3.6,3.67,0.3
359,Jason Alexander,HOU,2,3,0,21,5,43.1,6.87,2.82,1.2,0.302,71.20%,48.70%,4.37,4.41,0.3
360,Cooper Criswell,SEA,4,4,0,57,3,72,7.48,2.49,1.03,0.295,72.70%,47.80%,3.81,3.96,0.3
361,Ryan Gusto,MIA,2,3,0,31,3,45.2,7.7,2.89,1.29,0.292,71.60%,38.70%,4.34,4.38,0.2
362,Jordan Wicks,CHC,1,1,0,17,2,24,8.2,2.74,1.08,0.295,74.30%,45.90%,3.7,3.88,0.2
363,Robert Stephenson,LAA,2,2,0,36,0,36,9.97,3.12,1.28,0.29,74.20%,34.60%,3.93,3.91,0.2
364,Anthony Bender,MIA,3,3,1,61,0,61,8.64,3.56,0.97,0.302,72.70%,45.50%,3.96,3.94,0.2
365,Nick Mears,KCR,3,3,0,60,0,60,9.05,3.5,1.15,0.298,72.70%,38.10%,4.13,4.06,0.2
366,Keegan Akin,BAL,3,3,3,66,0,66,9.32,3.34,1.23,0.294,75.10%,38.10%,3.91,4.06,0.2
367,Calvin Faucher,MIA,3,3,5,64,0,64,8.92,3.73,0.99,0.302,72.70%,44.90%,4,3.96,0.2
368,Sam Hentges,SFG,1,1,0,26,0,26,9.32,3.07,0.8,0.302,74.50%,49.70%,3.34,3.35,0.2
369,Zak Kent,MIN,3,3,0,54,0,54,8.53,3.98,1.03,0.302,72.50%,43.90%,4.19,4.19,0.2
370,Mitchell Parker,WSN,2,3,0,35,3,49.2,7.28,2.71,1.29,0.293,72.40%,38.40%,4.28,4.37,0.2
371,Hayden Wesneski,HOU,2,2,0,24,2,31,8.97,2.66,1.29,0.296,73.20%,40.50%,4.04,4.02,0.2
372,Julian Fernández,WSN,2,2,0,38,0,38,9.27,3.21,1.08,0.29,74.20%,40.60%,3.72,3.81,0.2
373,Jimmy Herget,COL,3,4,2,77,0,77,7.98,2.9,1.43,0.305,70.20%,37.40%,4.78,4.54,0.2
374,Jake Bird,NYY,3,3,0,57,0,57,9.19,3.76,1.01,0.294,74.20%,45.80%,3.77,3.98,0.2
375,Phil Maton,CHC,3,3,2,65,0,65,9.31,3.52,1.04,0.291,73.40%,42.60%,3.81,3.96,0.2
376,Tanner McDougal,CHW,3,3,0,22,6,53,7.69,4.29,1.23,0.295,71.80%,44.00%,4.61,4.79,0.2
377,Cristian Mena,ARI,1,1,0,13,2,20.1,8.53,3.3,1,0.303,72.20%,45.20%,3.99,3.9,0.2
378,Ty Johnson,TBR,1,1,0,3,3,18.1,8.78,3.35,1.27,0.289,72.30%,39.00%,4.22,4.28,0.2
379,Jalen Beeks,TEX,3,3,0,54,0,54,8.41,3.44,1.08,0.297,73.70%,42.90%,3.95,4.08,0.2
380,Jack Dreyer,LAD,3,2,0,52,0,52,8.74,3.53,1.29,0.287,74.50%,38.40%,4.08,4.33,0.2
381,Tony Santillan,CIN,3,4,4,70,0,70,9.46,4,1.33,0.29,73.70%,37.50%,4.3,4.44,0.2
382,Colin Selby,BAL,2,2,0,45,0,45,9.33,3.78,0.99,0.304,73.90%,46.70%,3.84,3.87,0.2
383,Cade Povich,BAL,1,1,0,15,2,22,9.05,3.02,1.21,0.295,74.60%,40.00%,3.87,3.97,0.2
384,Coleman Crow,MIL,1,1,0,22,0,22,9.65,2.94,1.03,0.294,74.50%,43.00%,3.56,3.58,0.2
385,Matt Svanson,STL,3,3,8,65,0,65,8.12,3.43,0.92,0.299,73.00%,47.80%,3.84,3.96,0.2
386,Mason Montgomery,PIT,3,3,2,60,0,60,9.13,3.68,1.07,0.292,73.90%,38.90%,3.89,4.01,0.2
387,Tim Herrin,CLE,3,3,0,56,0,56,9.51,4.28,0.94,0.298,74.40%,45.10%,3.78,3.96,0.2
388,Félix Bautista,BAL,1,0,0,11,0,11,12.69,3.91,0.87,0.291,77.30%,40.20%,3.04,2.98,0.2
389,Anthony Banda,MIN,3,3,1,56,0,56,8.88,3.95,1.05,0.298,73.50%,40.90%,4.02,4.12,0.2
390,Yaramil Hiraldo,BAL,2,2,0,38,0,38,9.22,3.31,1.27,0.289,73.90%,37.30%,4.03,4.13,0.2
391,Jaden Hill,COL,3,3,0,55,0,55,8.51,3.52,1.15,0.317,70.30%,46.20%,4.59,4.26,0.2
392,Liam Hendriks,,2,2,0,34,0,34,9.33,3.35,1.24,0.29,73.30%,36.40%,4.08,4.09,0.2
393,Ronel Blanco,HOU,1,1,0,14,2,21,9.57,3.37,1.26,0.29,73.80%,37.80%,4.02,4.05,0.2
394,John King,MIA,3,3,0,56,0,56,6.11,2.82,0.82,0.311,72.10%,55.90%,3.92,3.98,0.2
395,Josh White,MIA,2,2,0,47,0,47,9.13,3.78,1.07,0.293,73.60%,41.40%,3.94,4.03,0.2
396,Justin Sterner,ATH,3,3,8,65,0,65,8.79,3.31,1.37,0.287,72.50%,34.60%,4.35,4.41,0.2
397,Jack Perkins,ATH,1,1,0,24,0,24,9.53,3.59,1.03,0.294,73.90%,42.80%,3.76,3.85,0.2
398,Chris Murphy,CHW,3,3,0,56,0,56,8.41,4.03,1.07,0.295,73.90%,44.40%,4.02,4.31,0.2
399,Wandy Peralta,SDP,3,3,0,57,0,57,8.17,3.75,0.88,0.3,74.60%,50.70%,3.68,3.98,0.2
400,Brenan Hanifee,DET,2,2,0,42,0,42,6.78,2.51,0.91,0.304,72.00%,51.00%,3.87,3.89,0.2
401,Hoby Milner,CHC,3,3,0,60,0,60,7.57,2.88,1,0.3,73.70%,48.00%,3.79,3.98,0.2
402,Caden Dana,LAA,3,5,0,13,13,72.1,7.59,3.96,1.54,0.293,70.70%,38.60%,5.07,5.13,0.2
403,Alex Lange,KCR,3,3,0,52,0,52,9.48,4.59,0.91,0.304,73.10%,46.70%,4.02,4.03,0.2
404,Juan Mejia,COL,3,3,3,66,0,66,8.83,4.14,1.2,0.311,71.10%,43.30%,4.65,4.46,0.2
405,Codi Heuer,CLE,1,1,0,30,0,30,8.97,3.58,1.08,0.296,73.50%,43.50%,3.93,4.02,0.2
406,Brock Burke,CIN,3,3,1,62,0,62,8.55,3.18,1.28,0.294,73.90%,42.30%,4.09,4.26,0.2
407,Taylor Clarke,ARI,3,3,2,61,0,61,7.69,2.45,1.19,0.301,72.20%,40.70%,4.12,4.07,0.2
408,Andrew Chafin,,2,2,0,34,0,34,9.58,4.25,1.01,0.295,74.80%,41.70%,3.83,3.99,0.2
409,PJ Poulin,WSN,3,3,1,59,0,59,8.34,3.77,1.03,0.293,74.00%,44.40%,3.9,4.16,0.2
410,Greg Weissert,BOS,3,3,1,65,0,65,8.03,3.23,1.16,0.302,71.70%,41.90%,4.31,4.22,0.2
411,Zack Kelly,BOS,3,3,0,58,0,58,8.86,3.99,1.09,0.301,72.40%,42.90%,4.24,4.21,0.2
412,Ryan Bergert,KCR,3,4,0,24,8,60.1,7.4,3.58,1.37,0.296,70.40%,37.90%,4.83,4.78,0.2
413,Javier Assad,CHC,3,4,0,53,3,67.2,7.8,3.14,1.15,0.297,72.60%,43.80%,4.13,4.22,0.2
414,Ryne Stanek,STL,3,3,5,60,0,60,9.29,4.02,1.16,0.285,74.20%,34.10%,4.01,4.19,0.2
415,Brady Basso,ATH,1,1,0,26,0,26,8.33,2.85,1.11,0.295,74.00%,43.10%,3.8,3.94,0.2
416,Austin Warren,NYM,2,2,0,48,0,48,8.11,3.22,1.18,0.288,73.20%,41.00%,4.03,4.23,0.2
417,Josiah Gray,WSN,4,6,0,15,15,81.2,7.57,3.7,1.64,0.286,70.50%,34.30%,5.11,5.2,0.2
418,Luke Little,CHC,1,1,0,18,0,18,10.5,4.94,0.75,0.296,76.20%,49.90%,3.35,3.75,0.2
419,Ricky Tiedemann,TOR,1,1,0,10,2,17.1,9.5,3.98,1.08,0.293,74.50%,42.20%,3.87,4.05,0.2
420,Manuel Rodríguez,TBR,1,1,0,16,0,16,8.56,3.1,0.89,0.301,73.20%,49.40%,3.66,3.7,0.2
421,Brandon Eisert,CHW,2,2,0,36,0,36,8.54,3.39,1.16,0.293,74.20%,42.20%,3.95,4.17,0.2
422,Bryan Hudson,NYM,2,2,0,34,0,34,8.85,3.73,1,0.288,75.10%,44.00%,3.65,3.98,0.2
423,Jesse Scholtens,TBR,2,2,0,36,0,36,8.23,2.52,1.2,0.292,73.20%,40.70%,3.92,3.97,0.2
424,Kendry Rojas,MIN,2,2,0,40,0,40,8.32,3.34,1.07,0.298,73.40%,42.30%,3.96,4.07,0.2
425,Emerson Hancock,SEA,4,4,0,48,6,77.1,7.23,2.75,1.27,0.289,72.20%,42.70%,4.24,4.43,0.2
426,Matt Gage,SFG,3,3,0,56,0,56,7.93,3.25,0.94,0.3,73.50%,46.90%,3.81,3.93,0.2
427,Huascar Brazobán,NYM,3,2,0,52,0,52,8.6,3.93,1,0.291,73.50%,44.50%,3.91,4.13,0.2
428,JP Sears,SDP,2,2,0,19,3,33.2,8.19,2.31,1.54,0.284,72.80%,31.70%,4.33,4.47,0.2
429,Carlos Estévez,KCR,3,3,28,62,0,62,8.42,3.37,1.31,0.291,72.20%,32.70%,4.4,4.41,0.2
430,Andrew Morris,MIN,1,1,0,24,0,24,7.77,2.34,1.07,0.301,72.30%,44.50%,3.9,3.85,0.2
431,Jason Foley,SFG,1,1,0,23,0,23,7.94,2.6,0.83,0.307,72.60%,50.60%,3.64,3.55,0.2
432,Evan Sisk,PIT,2,2,0,40,0,40,8.21,3.9,0.84,0.304,73.50%,49.40%,3.81,3.96,0.2
433,Jonathan Pintaro,NYM,2,2,0,24,2,31.1,8.55,3.75,1,0.291,73.60%,46.20%,3.85,4.08,0.2
434,Erik Sabrowski,CLE,3,3,0,63,0,63,10.39,4.94,1.11,0.287,75.40%,37.00%,3.92,4.19,0.1
435,Chase Petty,CIN,2,3,0,33,3,48,7.18,3.66,1.36,0.296,71.50%,44.80%,4.7,4.84,0.1
436,Cole Sulser,TBR,3,3,0,56,0,56,8.17,3.32,1.16,0.292,73.20%,41.60%,4.07,4.22,0.1
437,Brent Headrick,NYY,2,2,0,42,0,42,9.13,3.01,1.28,0.284,75.20%,37.60%,3.84,4.1,0.1
438,Hunter Gaddis,CLE,3,3,3,61,0,61,8.7,2.88,1.29,0.289,73.10%,36.00%,4.09,4.16,0.1
439,Trevor Williams,WSN,1,2,0,24,2,30.2,7.49,2.29,1.34,0.294,72.00%,38.50%,4.27,4.28,0.1
440,Joey Lucchesi,LAA,3,3,0,54,0,54,6.9,3.3,1.06,0.302,72.70%,48.00%,4.15,4.34,0.1
441,Yohan Ramírez,PIT,3,3,0,56,0,56,8.7,3.65,0.94,0.303,72.30%,45.90%,3.99,4.07,0.1
442,John Brebbia,,2,2,0,35,0,35,8.94,3.14,1.33,0.288,73.20%,34.00%,4.18,4.24,0.1
443,Hagen Smith,CHW,1,1,0,3,3,18.1,8.61,4.92,1.22,0.293,73.00%,41.50%,4.51,4.78,0.1
444,Ryan Thompson,ARI,3,3,1,63,0,63,7.3,2.96,0.9,0.31,70.90%,50.20%,4.09,3.93,0.1
445,Adbert Alzolay,NYM,2,2,0,42,0,42,8.8,2.97,1.21,0.289,73.80%,40.20%,3.9,4.05,0.1
446,Tim Mayza,PHI,2,2,0,48,0,48,7.34,3.29,1.02,0.301,73.10%,49.90%,4,4.18,0.1
447,Kyle Nicolas,CIN,2,2,0,42,0,42,9.44,4.18,1.22,0.294,73.80%,41.00%,4.19,4.33,0.1
448,Ryan Borucki,SFG,3,3,0,54,0,54,8.75,3.41,0.91,0.299,73.70%,47.90%,3.7,3.81,0.1
449,DL Hall,MIL,3,3,0,52,0,52,8.96,3.8,1.1,0.292,74.40%,41.20%,3.9,4.13,0.1
450,Bailey Falter,KCR,4,4,0,53,5,74,7.09,2.8,1.43,0.296,71.10%,36.50%,4.65,4.64,0.1
451,Nate Pearson,HOU,2,2,0,50,0,50,9.03,3.84,1.27,0.291,72.70%,38.30%,4.32,4.38,0.1
452,Blade Tidwell,SFG,2,2,0,20,3,35,7.86,3.38,1.21,0.291,71.80%,40.80%,4.31,4.39,0.1
453,Gunnar Hoglund,ATH,3,4,0,28,6,58.2,6.88,2.8,1.45,0.295,70.50%,40.20%,4.74,4.77,0.1
454,Carson Seymour,SFG,2,2,0,17,3,32,7.28,3.24,0.95,0.303,71.60%,51.20%,4.09,4.12,0.1
455,Braden Nett,ATH,2,2,0,19,3,34.1,7.57,4.17,1.15,0.298,71.60%,45.70%,4.52,4.64,0.1
456,Ryan Brasier,,2,2,0,34,0,34,8.24,2.75,1.15,0.297,72.60%,41.90%,4,3.98,0.1
457,Colton Gordon,HOU,1,1,0,24,0,24,8.22,2.21,1.35,0.29,73.80%,38.40%,3.96,4.1,0.1
458,Joe Rock,TBR,1,1,0,12,2,19.1,7.19,2.78,1.14,0.296,72.50%,45.20%,4.08,4.24,0.1
459,Joe Jiménez,ATL,1,1,0,16,0,16,10.02,3,1.12,0.295,73.70%,35.80%,3.77,3.65,0.1
460,Brandon Young,BAL,1,1,0,19,2,26,8.14,2.54,1.34,0.298,72.60%,41.10%,4.23,4.2,0.1
461,Brennan Bernardino,COL,3,3,0,58,0,58,8.23,3.97,1.12,0.317,71.80%,45.90%,4.52,4.41,0.1
462,Ty Madden,DET,1,1,0,16,2,23.1,7.99,3.26,1.19,0.291,72.00%,39.70%,4.24,4.28,0.1
463,Peyton Gray,TEX,2,2,0,34,0,34,8.55,3.39,1.16,0.297,72.90%,41.90%,4.12,4.15,0.1
464,Tyler Phillips,MIA,3,3,3,68,0,68,6.7,2.82,1.01,0.305,71.50%,49.80%,4.14,4.16,0.1
465,Chase Lee,TOR,1,1,0,28,0,28,8.62,2.93,1.12,0.294,73.20%,43.20%,3.88,3.95,0.1
466,Yariel Rodríguez,TOR,1,1,0,23,0,23,9.37,3.81,1.09,0.291,73.90%,41.20%,3.9,4.03,0.1
467,Luinder Avila,KCR,2,2,0,42,0,42,8.15,3.6,0.99,0.303,72.30%,47.00%,4.07,4.09,0.1
468,Dylan Dodd,ATL,2,2,0,42,0,42,7.69,2.32,1.16,0.3,73.60%,43.20%,3.88,3.98,0.1
469,Rob Zastryzny,MIL,2,2,0,48,0,48,8.27,3.38,1.19,0.289,73.90%,39.90%,4.03,4.26,0.1
470,JT Brubaker,SFG,3,3,0,57,0,57,8.01,2.99,1.11,0.299,72.60%,44.10%,4.07,4.09,0.1
471,John Klein,MIN,2,2,0,34,2,41.1,7.83,3.16,1.22,0.295,71.40%,40.10%,4.36,4.38,0.1
472,Mason Barnett,ATH,1,1,0,20,2,27,7.75,3.54,1.26,0.293,71.70%,41.40%,4.45,4.55,0.1
473,James McArthur,KCR,1,1,0,20,0,20,8.1,2.97,1.02,0.305,72.40%,47.00%,3.98,3.94,0.1
474,Dane Dunning,SEA,1,1,0,14,2,21,7.93,2.8,1.13,0.292,73.00%,45.20%,3.92,4.09,0.1
475,Carlos Rodriguez,MIL,2,2,0,32,2,39,8.36,3.46,1.38,0.282,73.00%,36.10%,4.34,4.57,0.1
476,Mitch Spence,KCR,1,1,0,24,0,24,7.39,2.38,1.13,0.305,71.50%,45.80%,4.14,4.04,0.1
477,Edgardo Henriquez,LAD,2,2,0,46,0,46,9.25,4.18,1.21,0.29,73.70%,41.30%,4.17,4.36,0.1
478,Ryan Fernandez,STL,2,2,0,40,0,40,8.97,3.94,1.02,0.293,73.80%,42.10%,3.9,4.03,0.1
479,Gregory Santos,SFG,2,2,0,36,0,36,8.6,3.76,0.79,0.306,73.20%,51.70%,3.72,3.75,0.1
480,Justin Hagenman,NYM,1,1,0,16,0,16,8.28,2.03,1.26,0.284,73.90%,38.30%,3.76,3.9,0.1
481,Will Klein,LAD,3,3,1,58,0,58,9.72,4.86,1.09,0.293,74.20%,43.60%,4.07,4.31,0.1
482,Drey Jameson,ARI,1,1,0,24,0,24,8.95,3.37,0.94,0.305,72.80%,44.80%,3.85,3.75,0.1
483,Gabriel Hughes,COL,2,2,0,28,2,35.1,6.9,3.12,1.29,0.316,69.50%,46.60%,4.93,4.63,0.1
484,Daniel Lynch IV,KCR,3,3,0,59,0,59,7.08,2.78,1.18,0.3,71.80%,43.10%,4.26,4.32,0.1
485,Grant Wolfram,BAL,2,2,0,50,0,50,8.08,3.78,1.14,0.299,73.30%,43.90%,4.2,4.38,0.1
486,Richard Lovelady,NYM,2,2,0,46,0,46,8.1,3.3,1,0.294,73.70%,46.70%,3.79,4.04,0.1
487,Luis Gastelum,STL,1,1,0,28,0,28,8.12,3.1,1.01,0.296,73.10%,45.10%,3.85,3.96,0.1
488,Welinton Herrera,COL,2,2,0,34,0,34,8.53,4.09,1.13,0.313,72.20%,45.70%,4.46,4.38,0.1
489,Hayden Harris,ATL,3,2,0,50,0,50,9.57,4,1.07,0.297,74.40%,41.30%,3.89,4.03,0.1
490,Colin Holderman,CLE,2,2,0,42,0,42,8.76,3.78,1.03,0.298,72.80%,45.10%,4.02,4.09,0.1
491,Trey Gibson,BAL,1,1,0,2,2,9.1,7.65,3.4,1.12,0.304,71.40%,48.80%,4.34,4.34,0.1
492,Mason Black,KCR,3,3,0,43,3,58,7.35,3.47,1.33,0.297,70.60%,39.80%,4.74,4.73,0.1
493,Jackson Rutledge,WSN,2,2,0,42,0,42,7.92,3.32,1.24,0.289,72.10%,40.00%,4.28,4.45,0.1
494,Sean Guenther,DET,1,1,0,13,0,13,7.25,2.93,0.92,0.299,73.20%,48.00%,3.78,3.95,0.1
495,Ryan Yarbrough,NYY,3,3,0,54,2,61,7.33,2.61,1.37,0.284,72.80%,38.60%,4.23,4.53,0.1
496,Gus Varland,WSN,2,2,0,46,0,46,8.09,3.57,1.12,0.295,72.60%,42.90%,4.16,4.27,0.1
497,Yosver Zulueta,SEA,2,2,0,40,0,40,8.87,4.09,0.82,0.296,74.40%,51.30%,3.59,3.87,0.1
498,Dylan Ross,NYM,1,1,0,27,0,27,9.41,4.38,0.99,0.29,74.60%,43.70%,3.81,4.05,0.1
499,Kyle Hart,SDP,2,2,0,48,0,48,8.09,2.87,1.19,0.293,73.60%,41.50%,3.97,4.14,0.1
500,Hogan Harris,ATH,3,3,10,66,0,66,8.69,3.96,1.16,0.294,73.40%,39.30%,4.15,4.32,0.1
501,Anthony Nunez,BAL,1,1,0,25,0,25,9.32,3.98,1.07,0.301,73.40%,44.10%,4.03,4.07,0.1
502,Philip Abner,ARI,1,1,0,27,0,27,8.14,3.68,1.02,0.302,72.80%,43.20%,4.09,4.15,0.1
503,Tyler Gilbert,CHW,2,2,0,40,0,40,7.98,3.21,1.29,0.291,73.70%,38.60%,4.18,4.42,0.1
504,Michael Kopech,,2,2,0,38,0,38,9.92,4.85,1.16,0.29,72.90%,36.20%,4.3,4.36,0.1
505,Mason Fluharty,TOR,2,2,0,42,0,42,9.16,3.78,1.15,0.288,74.80%,39.30%,3.9,4.14,0.1
506,AJ Blubaugh,HOU,2,2,0,39,2,46,8.35,3.49,1.34,0.289,72.60%,38.60%,4.37,4.48,0.1
507,Packy Naughton,STL,1,1,0,14,0,14,8.27,2.96,0.94,0.297,74.50%,46.10%,3.58,3.76,0.1
508,Michel Otañez,TEX,1,1,0,18,0,18,10.54,4.75,0.97,0.296,74.50%,42.20%,3.83,3.95,0.1
509,José Leclerc,,1,1,0,28,0,28,9.64,3.89,1.21,0.284,73.70%,34.30%,4.05,4.16,0.1
510,Hunter Bigge,TBR,2,2,0,44,0,44,9.15,3.8,1.22,0.29,73.40%,37.70%,4.15,4.24,0.1
511,Enyel De Los Santos,HOU,3,3,0,60,0,60,8.81,3.44,1.32,0.291,73.00%,37.20%,4.27,4.36,0.1
512,Craig Yoho,MIL,2,2,0,42,0,42,9.03,4.08,1.03,0.294,73.60%,44.50%,3.97,4.13,0.1
513,Michael Fulmer,SFG,1,1,0,21,0,21,8.98,3.44,1.09,0.292,73.30%,38.90%,3.93,3.98,0.1
514,Cam Booser,TBR,1,1,0,14,0,14,9.8,3.87,1.19,0.289,75.20%,35.70%,3.9,4.09,0.1
515,Tyler Alexander,TEX,3,4,0,66,2,72.2,7.35,2.46,1.49,0.292,72.20%,34.60%,4.5,4.58,0.1
516,Dax Fulton,MIA,1,2,0,20,2,27.1,7.57,4.13,1.02,0.298,72.70%,46.50%,4.21,4.44,0.1
517,Drew Sommers,DET,1,1,0,23,0,23,7.48,3.53,0.81,0.302,73.60%,51.90%,3.71,3.97,0.1
518,Austin Peterson,CLE,2,2,0,17,3,32.1,6.69,2.22,1.43,0.291,71.00%,40.60%,4.48,4.57,0.1
519,Mitch Bratt,ARI,1,1,0,2,2,9.1,7.31,2.54,1.29,0.296,71.20%,39.00%,4.37,4.34,0.1
520,Marco Raya,MIN,1,1,0,26,0,26,8.17,3.72,1.01,0.302,72.30%,45.70%,4.14,4.15,0.1
521,Grant Anderson,MIL,3,3,0,56,0,56,8.79,3.56,1.22,0.291,73.20%,40.70%,4.13,4.25,0.1
522,Ken Waldichuk,WSN,3,3,0,54,0,54,8.78,3.77,1.21,0.29,74.00%,37.80%,4.1,4.32,0.1
523,Porter Hodge,CHC,1,1,0,28,0,28,9.75,4.47,1.04,0.291,74.70%,42.00%,3.86,4.08,0.1
524,Steven Cruz,KCR,2,2,0,45,0,45,8.43,3.9,1.12,0.299,72.20%,41.60%,4.3,4.31,0.1
525,Duncan Davitt,CHW,1,1,0,26,0,26,7.52,2.59,1.28,0.29,72.60%,41.40%,4.15,4.32,0.1
526,Martín Pérez,ATL,1,1,0,2,2,9,7.06,3.38,1.21,0.305,71.20%,44.30%,4.6,4.56,0.1
527,Yerry De los Santos,NYY,2,2,0,40,0,40,7.33,3.48,1.02,0.295,73.30%,49.60%,3.98,4.24,0.1
528,Bryce Montes de Oca,WSN,0,0,0,8,0,8,10.73,4.19,0.96,0.293,75.30%,40.40%,3.58,3.66,0.1
529,Ryan Lambert,NYM,2,2,0,36,0,36,9.88,4.42,1.13,0.285,74.60%,37.30%,3.95,4.16,0.1
530,Osvaldo Bido,ATL,1,1,0,22,0,22,8.78,3.05,1.28,0.291,72.20%,35.10%,4.22,4.22,0.1
531,Nick Sandlin,LAA,1,2,0,30,0,30,8.98,4.14,1.28,0.292,72.90%,38.60%,4.37,4.51,0.1
532,Bradgley Rodriguez,SDP,3,3,0,52,0,52,8.24,4.29,1.08,0.293,73.10%,44.40%,4.2,4.45,0.1
533,Connor Brogdon,CLE,2,3,0,52,0,52,8.74,3.43,1.32,0.289,73.00%,37.00%,4.27,4.35,0.1
534,Cionel Pérez,WSN,3,3,2,57,0,57,7.95,4.55,0.84,0.301,73.60%,49.60%,3.94,4.24,0.1
535,Alex Carrillo,NYM,1,1,0,20,0,20,9.4,4.19,1.16,0.286,74.20%,38.50%,4.03,4.24,0.1
536,Danny Young,ATL,1,1,0,18,0,18,9.22,3.96,0.89,0.307,74.00%,48.70%,3.77,3.88,0.1
537,Tyler Ferguson,ATH,3,3,0,52,0,52,8.86,4.23,1.15,0.293,73.10%,40.20%,4.25,4.39,0.1
538,Paul Sewald,ARI,3,3,15,62,0,62,8.91,3.15,1.37,0.289,71.90%,30.20%,4.4,4.33,0.1
539,Héctor Neris,,1,1,0,22,0,22,9.13,3.94,1.26,0.293,72.30%,34.80%,4.39,4.37,0.1
540,Tommy Kahnle,BOS,2,2,0,46,0,46,8.07,4.23,1.04,0.307,71.80%,47.20%,4.41,4.37,0.1
541,Seth Halvorsen,COL,2,3,0,50,0,50,8.03,4.14,1.2,0.314,70.90%,46.10%,4.77,4.58,0.1
542,Kohl Drake,ARI,1,1,0,2,2,9.1,7.55,3.48,1.2,0.297,71.50%,41.20%,4.45,4.48,0.1
543,Brody Hopkins,TBR,0,1,0,2,2,9.1,7.68,4.18,1.21,0.293,71.10%,43.80%,4.61,4.75,0.1
544,Ryan Watson,BOS,2,2,0,42,0,42,7.53,3.31,1.13,0.302,71.50%,45.00%,4.34,4.31,0.1
545,Tyler Uberstine,BOS,0,1,0,2,2,9.1,7.29,3.01,1.44,0.296,69.70%,38.60%,4.84,4.73,0.1
546,Landon Knack,LAD,1,1,0,16,2,22.2,8.25,3.35,1.61,0.285,72.30%,35.20%,4.72,4.84,0.1
547,Tink Hence,STL,0,1,0,2,2,9.1,7.28,3.46,1.24,0.293,71.60%,42.20%,4.46,4.57,0.1
548,Hunter Stratton,ATL,1,1,0,30,0,30,8.24,3.14,1.21,0.298,72.20%,40.80%,4.24,4.24,0.1
549,Luis Perales,WSN,1,1,0,21,0,21,8.99,3.98,1.12,0.289,73.60%,40.10%,4.03,4.2,0.1
550,Elvis Alvarado,ATH,3,3,2,54,0,54,8.97,4.45,1.18,0.292,73.00%,40.20%,4.32,4.47,0.1
551,Elmer Rodríguez,NYY,0,0,0,8,0,8,8.55,3.36,0.92,0.294,74.60%,49.90%,3.56,3.8,0.1
552,McCade Brown,COL,1,2,0,13,3,27.1,8.22,3.9,1.52,0.306,69.30%,37.70%,5.25,4.98,0.1
553,Doug Nikhazy,CLE,2,2,0,27,2,34,8.05,3.85,1.32,0.287,73.20%,37.70%,4.38,4.64,0.1
554,Joe Mantiply,TOR,1,1,0,11,0,11,7.48,2.57,1.01,0.299,73.50%,46.80%,3.76,3.89,0.1
555,Jhony Brito,SDP,1,1,0,18,0,18,7.83,2.97,1.12,0.296,72.70%,44.10%,4.03,4.11,0.1
556,Yuki Matsui,SDP,2,2,0,44,0,44,9.25,3.99,1.24,0.289,74.80%,36.20%,4.06,4.28,0.1
557,Sean Sullivan,COL,0,1,0,2,2,9.1,6.63,2.65,1.66,0.304,69.10%,38.10%,5.25,5.07,0.1
558,Franco Aleman,CLE,1,1,0,22,0,22,9.2,3.92,1.1,0.295,73.50%,42.20%,4.03,4.13,0.1
559,Zach Pop,PHI,2,2,0,42,0,42,7.05,3.34,1.03,0.303,72.20%,51.50%,4.17,4.3,0.1
560,Carlos Lagrange,NYY,1,1,0,12,0,12,9.85,4.07,1.11,0.285,74.70%,40.30%,3.83,4.06,0
561,Nick Raquet,STL,2,2,0,32,0,32,6.94,3.23,1.06,0.295,72.90%,45.00%,4.07,4.34,0
562,Evan Reifert,TBR,0,0,0,8,0,8,9.88,4.33,0.99,0.293,74.40%,42.70%,3.81,3.95,0
563,Nick Anderson,ATH,2,2,0,40,0,40,8.07,3.48,1.32,0.294,72.60%,38.70%,4.42,4.51,0
564,AJ Smith-Shawver,ATL,0,0,0,8,0,8,10.32,3.32,1.14,0.294,74.10%,36.90%,3.79,3.69,0
565,Lou Trivino,PHI,1,1,0,24,0,24,7.96,3.7,1.24,0.291,72.20%,41.20%,4.37,4.54,0
566,Bobby Miller,LAD,1,1,0,18,0,18,8.9,3.66,1.2,0.294,73.50%,43.80%,4.09,4.23,0
567,Cal Quantrill,TEX,0,1,0,2,2,8.1,6.79,3.04,1.47,0.297,69.60%,39.00%,4.98,4.91,0
568,Julian Aguiar,CIN,2,2,0,28,2,35,7.11,2.7,1.48,0.293,71.30%,41.60%,4.63,4.76,0
569,Joel Kuhnel,ATH,1,1,0,11,0,11,6.2,2.6,0.98,0.306,71.50%,52.90%,4.08,4.17,0
570,Paxton Schultz,WSN,1,1,0,28,0,28,8.15,3.31,1.32,0.286,72.80%,36.70%,4.3,4.44,0
571,Julian Merryweather,MIN,1,1,0,16,0,16,9.25,3.98,1.08,0.299,73.10%,40.20%,4.1,4.08,0
572,Jake Bennett,BOS,1,1,0,18,0,18,7.19,3.05,1.08,0.304,72.10%,46.20%,4.19,4.23,0
573,Ryan Webb,CLE,0,1,0,2,2,9.1,6.9,3.82,1.22,0.298,71.10%,45.00%,4.66,4.8,0
574,Derek Law,ARI,1,1,0,17,0,17,7.85,3.22,0.99,0.307,71.80%,45.70%,4.12,4.01,0
575,Joel Payamps,ATL,3,3,0,55,0,55,8.25,2.96,1.19,0.299,72.50%,41.30%,4.14,4.13,0
576,Mitch Farris,LAA,0,1,0,2,2,9,7.56,4.02,1.4,0.294,72.20%,39.70%,4.74,4.93,0
577,Matt Festa,CLE,3,3,0,60,0,60,8.57,3.38,1.21,0.291,72.60%,39.80%,4.17,4.25,0
578,Jake Woodford,MIL,1,1,0,24,0,24,7.21,2.48,1.22,0.297,71.70%,43.50%,4.22,4.28,0
579,Henry Baez,ATH,0,0,0,10,0,10,7.3,3.07,1.03,0.302,71.90%,48.90%,4.1,4.18,0
580,Pete Hansen,STL,0,1,0,2,2,9.1,5.66,2.99,1.23,0.293,71.30%,44.30%,4.51,4.78,0
581,Zack Thompson,STL,1,1,0,12,0,12,8.92,3.75,1.01,0.292,74.80%,43.10%,3.73,3.99,0
582,Angel Bastardo,TOR,1,0,0,10,0,10,8.81,3.57,1.1,0.292,73.60%,42.50%,3.95,4.07,0
583,Lake Bachar,MIA,2,3,0,52,0,52,8.71,3.65,1.26,0.289,73.00%,36.90%,4.24,4.34,0
584,Brycen Mautz,STL,1,1,0,16,0,16,7.84,2.93,1.08,0.29,73.90%,42.40%,3.8,4.07,0
585,Matt Waldron,SDP,0,1,0,2,2,9,6.89,2.81,1.47,0.291,70.50%,39.40%,4.72,4.8,0
586,Tayler Saucedo,LAA,1,1,0,25,0,25,7.92,3.98,0.99,0.303,73.20%,48.70%,4.08,4.28,0
587,Shane Murphy,CHW,1,1,0,21,0,21,6.63,2.26,1.32,0.289,73.20%,41.20%,4.14,4.42,0
588,Jake Cousins,LAD,0,0,0,8,0,8,9.83,4.31,1.12,0.295,74.20%,43.20%,4,4.16,0
589,Beau Brieske,DET,1,1,0,24,0,24,8.16,3.67,1.22,0.29,72.70%,37.60%,4.29,4.4,0
590,Albert Suárez,BAL,1,1,0,21,0,21,7.83,2.57,1.23,0.302,72.30%,42.30%,4.18,4.13,0
591,Travis Adams,MIN,2,3,0,31,3,46,6.87,3.11,1.25,0.3,70.60%,42.60%,4.62,4.58,0
592,Ethan Roberts,CHC,2,2,0,42,0,42,8.45,3.71,1.26,0.291,72.80%,38.90%,4.3,4.46,0
593,Justin Bruihl,STL,3,3,0,54,0,54,7.58,3.51,0.94,0.298,73.40%,47.50%,3.89,4.17,0
594,Jean Cabrera,PHI,0,1,0,2,2,9.1,6.27,3.7,1.36,0.292,70.40%,45.20%,4.87,5.08,0
595,Sammy Peralta,MIL,0,0,0,10,0,10,7.5,2.99,1.18,0.294,73.10%,42.90%,4.1,4.3,0
596,José Fermin,LAA,1,1,0,26,0,26,9.42,4.42,1.29,0.291,73.50%,36.40%,4.38,4.5,0
597,David Morgan,SDP,3,3,0,58,0,58,8.78,3.8,1.12,0.293,73.40%,42.10%,4.06,4.21,0
598,Connor Phillips,CIN,3,3,0,58,0,58,9.64,4.25,1.31,0.292,73.40%,38.90%,4.35,4.47,0
599,Ben Kudrna,KCR,1,1,0,10,2,17.1,6.81,3.85,1.2,0.302,70.50%,45.00%,4.75,4.76,0
600,Isaac Mattson,PIT,3,3,5,61,0,61,8.31,3.98,1.24,0.289,72.30%,35.00%,4.44,4.53,0
601,Alan Rangel,PHI,1,1,0,14,2,21.1,7.39,2.81,1.56,0.284,72.00%,35.50%,4.59,4.77,0
602,Riley Gowens,CHW,0,1,0,10,0,10,8.58,3.13,1.31,0.287,73.40%,37.60%,4.14,4.29,0
603,Daysbel Hernández,ATL,1,1,0,24,0,24,9.79,4.79,1.04,0.299,73.60%,41.10%,4.13,4.2,0
604,Chris Roycroft,STL,2,3,0,52,0,52,7.14,3.95,0.92,0.3,72.60%,50.20%,4.1,4.32,0
605,Keegan Thompson,COL,2,2,0,40,0,40,8.4,3.66,1.34,0.311,70.60%,40.90%,4.82,4.58,0
606,Chen Zhong-Ao Zhuang,ATH,0,0,0,8,0,8,7.7,2.24,1.35,0.29,72.50%,38.40%,4.15,4.22,0
607,Craig Kimbrel,NYM,1,1,0,14,0,14,10.34,4.3,1.13,0.282,74.30%,35.20%,3.91,4.06,0
608,Jhancarlos Lara,ATL,1,1,0,14,0,14,9.87,5.24,0.88,0.304,73.90%,47.60%,3.98,4.13,0
609,Brandyn Garcia,ARI,2,2,0,46,0,46,7.98,3.89,0.85,0.306,72.80%,49.60%,3.95,4.07,0
610,Cody Laweryson,MIN,2,3,0,50,0,50,7.38,3.3,1.28,0.295,71.30%,39.20%,4.54,4.57,0
611,Ben Casparius,LAD,3,3,0,55,0,55,8.48,3.3,1.44,0.288,72.70%,35.40%,4.44,4.56,0
612,Ron Marinaccio,SDP,2,2,0,40,0,40,8.35,4.06,1.18,0.29,72.20%,40.90%,4.35,4.52,0
613,Jose Corniell,TEX,0,0,0,10,0,10,8.58,3.15,1.22,0.292,73.00%,39.60%,4.1,4.17,0
614,José Buttó,SFG,3,3,2,64,0,64,8.39,3.5,1.01,0.297,72.90%,43.60%,3.98,4.03,0
615,Tristan Beck,SFG,1,1,0,20,0,20,7.85,2.84,1.14,0.294,72.40%,40.60%,4.08,4.11,0
616,Griff McGarry,PHI,0,0,0,10,0,10,9.76,4.92,1.1,0.29,74.10%,41.20%,4.1,4.33,0
617,Jedixson Paez,CHW,2,3,0,52,0,52,6.97,3.16,1.23,0.296,72.00%,44.60%,4.38,4.54,0
618,Trenton Denholm,CLE,0,1,0,2,2,9.1,5.67,2.53,1.53,0.292,69.60%,41.60%,4.94,5.03,0
619,Thomas Harrington,PIT,1,1,0,12,2,19.1,7.2,2.74,1.41,0.29,70.90%,35.50%,4.59,4.62,0
620,Lazaro Estrada,TOR,2,2,0,32,0,32,8.28,2.53,1.38,0.283,73.10%,35.10%,4.12,4.26,0
621,Zach Franklin,CHW,0,0,0,8,0,8,8.83,4,1.19,0.291,73.70%,40.70%,4.15,4.35,0
622,Joe Ross,ARI,2,2,0,34,0,34,7.61,3.22,1.06,0.306,72.20%,43.90%,4.18,4.17,0
623,Adam Laskey,COL,0,0,0,8,0,8,6.5,3.19,1.07,0.321,70.50%,51.60%,4.61,4.44,0
624,Riley Martin,CHC,1,1,0,20,0,20,8.8,4.74,0.95,0.295,74.70%,47.10%,3.89,4.25,0
625,Adam Macko,TOR,1,1,0,18,0,18,8.3,3.44,1.2,0.287,73.70%,39.70%,4.05,4.32,0
626,Trevor Stephan,CLE,1,1,0,18,0,18,8.61,3.29,1.23,0.293,71.90%,38.90%,4.25,4.24,0
627,Sam Aldegheri,LAA,1,2,0,5,5,27.1,6.5,4.28,1.54,0.29,70.40%,38.20%,5.27,5.51,0
628,David Sandlin,CHW,1,1,0,18,0,18,7.93,3.04,1.38,0.286,73.00%,37.40%,4.3,4.49,0
629,Gordon Graceffo,STL,2,2,0,44,0,44,7.14,2.67,1.1,0.297,72.20%,44.30%,4.06,4.14,0
630,Tate Kuehner,MIL,1,1,0,12,0,12,8.34,4.03,1.05,0.294,73.90%,45.20%,3.99,4.28,0
631,Jared Lyons,CIN,0,1,0,2,2,9.1,6.72,3.85,1.66,0.292,70.20%,40.10%,5.32,5.43,0
632,Yoniel Curet,PHI,0,1,0,2,2,9.1,7.56,4.79,1.42,0.286,70.70%,40.20%,5.06,5.31,0
633,Emmanuel Clase,CLE,0,0,0,1,0,1,9.09,2.4,0.8,0.304,74.20%,51.10%,3.24,3.18,0
634,Joe Kelly,,0,0,0,1,0,1,10.82,4.12,0.75,0.301,75.90%,49.40%,3.22,3.33,0
635,Hagen Danner,CIN,1,1,0,18,0,18,7.82,3.36,1.34,0.299,72.00%,43.30%,4.51,4.56,0
636,Joey Estes,ATH,1,2,0,30,0,30,7.3,2.11,1.61,0.286,71.40%,31.90%,4.59,4.7,0
637,Andrew Sears,DET,0,0,0,6,0,6,7.87,3.37,1.06,0.29,73.40%,42.50%,3.94,4.21,0
638,Jose Franco,CIN,1,1,0,14,0,14,8.5,3.53,1.38,0.288,73.00%,39.50%,4.37,4.55,0
639,Justin Wilson,,0,0,0,1,0,1,9.87,3.19,1.03,0.29,75.80%,40.50%,3.45,3.61,0
640,Jon Gray,,0,0,0,1,0,1,8.85,2.5,1.15,0.295,73.90%,40.00%,3.75,3.77,0
641,Josh Winckowski,TOR,0,0,0,1,0,1,8,2.61,0.97,0.3,73.60%,49.00%,3.66,3.75,0
642,Brian Van Belle,TBR,0,0,0,1,0,1,7.14,1.91,1.1,0.296,72.40%,46.40%,3.83,3.89,0
643,David Robertson,,0,0,0,1,0,1,10.35,3.59,0.97,0.294,74.90%,42.70%,3.53,3.56,0
644,Randy Rodríguez,SFG,0,0,0,1,0,1,10.02,3.4,0.96,0.29,74.60%,40.40%,3.51,3.56,0
645,Forrest Whitley,,0,0,0,1,0,1,9.58,3.44,1.05,0.291,74.20%,41.20%,3.72,3.82,0
646,Ronny Henriquez,MIA,0,0,0,1,0,1,9.3,3.35,0.99,0.295,73.40%,43.70%,3.75,3.75,0
647,Dedniel Núñez,NYM,0,0,0,1,0,1,9.53,3.57,1.06,0.285,75.30%,40.60%,3.62,3.84,0
648,Dan Altavilla,MIN,2,2,0,42,0,42,7.98,4.25,1.07,0.301,71.80%,44.30%,4.43,4.47,0
649,Andrew Walters,CLE,2,2,0,38,0,38,9.93,4.26,1.21,0.29,73.90%,35.60%,4.14,4.21,0
650,Jimmy Cordero,,0,0,0,1,0,1,9.34,3.23,1.01,0.293,74.50%,45.40%,3.6,3.72,0
651,Michael Grove,LAD,0,0,0,1,0,1,9.45,2.78,1.23,0.294,74.30%,41.10%,3.81,3.87,0
652,Reed Garrett,NYM,0,0,0,1,0,1,10.08,3.92,0.96,0.29,75.80%,43.70%,3.48,3.7,0
653,Anthony Gose,,0,0,0,1,0,1,10.62,3.97,1.05,0.291,75.90%,38.60%,3.6,3.74,0
654,Robert Stock,NYM,0,0,0,1,0,1,8.84,3.3,1.01,0.291,74.10%,44.80%,3.68,3.9,0
655,James Naile,,0,0,0,1,0,1,7.34,2.47,0.89,0.309,72.00%,52.50%,3.81,3.78,0
656,Collin Snider,CHC,1,1,0,14,0,14,7.31,3.23,1.22,0.294,72.10%,43.10%,4.33,4.48,0
657,Tucker Davidson,PHI,0,0,0,8,0,8,7.36,3.37,1.17,0.295,72.40%,43.90%,4.26,4.43,0
658,Ryan Burr,,0,0,0,1,0,1,9.59,3.24,1.06,0.293,74.40%,42.10%,3.68,3.72,0
659,A.J. Causey,ATH,1,1,0,13,0,13,7.66,3.5,1.22,0.297,71.80%,42.70%,4.42,4.49,0
660,Ryan Pressly,,0,0,0,1,0,1,8.22,3.12,0.99,0.303,72.90%,47.50%,3.88,3.89,0
661,Ray Kerr,ATL,0,0,0,1,0,1,9.82,3.36,1.1,0.298,74.20%,41.00%,3.79,3.79,0
662,Aneurys Zabala,LAA,0,0,0,1,0,1,10.25,4.26,1.1,0.296,74.20%,39.80%,3.96,4.01,0
663,Thomas Szapucki,,0,0,0,1,0,1,9.84,3.57,1.14,0.293,74.90%,38.90%,3.79,3.9,0
664,Trey Wingenter,,0,0,0,1,0,1,9.92,3.79,1.09,0.295,73.80%,39.60%,3.9,3.9,0
665,Dauri Moreta,,0,0,0,1,0,1,10.14,3.84,1.16,0.288,74.20%,35.80%,3.92,3.97,0
666,Pedro Avila,CLE,1,1,0,12,0,12,7.9,3.45,1.12,0.302,72.10%,45.00%,4.27,4.29,0
667,José Urquidy,PIT,3,4,0,32,6,62.2,6.79,2.6,1.48,0.292,69.90%,34.70%,4.8,4.74,0
668,J.B. Bukauskas,MIL,0,0,0,1,0,1,8.03,3.16,0.99,0.301,73.10%,49.10%,3.85,3.95,0
669,Kyle Backhus,PHI,3,3,0,52,0,52,8.03,3.68,1.15,0.292,73.30%,43.30%,4.12,4.4,0
670,Andrés Machado,,0,0,0,1,0,1,8.47,3.25,1.04,0.301,72.50%,45.90%,3.98,3.96,0
671,Casey Lawrence,SEA,0,1,0,2,2,9.1,4.5,2.18,1.54,0.29,69.30%,42.90%,5,5.2,0
672,Ian Hamilton,ATL,0,0,0,1,0,1,9.38,4.04,0.97,0.302,73.90%,45.20%,3.87,3.92,0
673,Shawn Dubin,ARI,0,0,0,1,0,1,8.52,3.59,0.96,0.306,72.40%,45.60%,4.03,3.96,0
674,Jake Eder,WSN,1,1,0,15,0,15,7.3,3.29,1.24,0.29,72.50%,39.90%,4.3,4.55,0
675,Dylan Smith,DET,1,1,0,20,0,20,7.75,3.74,1.06,0.296,72.60%,44.00%,4.16,4.31,0
676,Josh Taylor,,0,0,0,1,0,1,9.09,3.61,1.06,0.294,74.60%,41.70%,3.8,3.97,0
677,Sean Hjelle,,0,0,0,1,0,1,7.2,2.8,0.98,0.306,71.90%,51.90%,4.02,4.04,0
678,Daniel Hudson,,0,0,0,1,0,1,9.27,3.11,1.21,0.291,73.70%,37.00%,3.96,3.98,0
679,Tyler Cyr,,0,0,0,1,0,1,8.87,3.66,1.02,0.299,73.30%,44.70%,3.93,3.99,0
680,Jorge Alcala,TOR,0,0,0,1,0,1,9.63,3.8,1.27,0.285,74.10%,35.80%,4.07,4.2,0
681,David Price,,0,0,0,1,0,1,7.9,3.13,1.02,0.3,73.80%,46.00%,3.84,4,0
682,Víctor Arano,WSN,0,0,0,1,0,1,8.08,3.08,1.07,0.297,72.70%,44.60%,3.97,4.05,0
683,Brett Martin,,0,0,0,1,0,1,7.8,3.53,0.92,0.303,73.60%,49.30%,3.86,4.01,0
684,Anderson Espinoza,,0,0,0,1,0,1,7.77,3.13,0.98,0.304,72.30%,48.90%,3.99,4.01,0
685,José Castillo,,0,0,0,1,0,1,8.88,3.74,0.94,0.301,74.40%,47.30%,3.73,3.91,0
686,Darwinzon Hernández,,0,0,0,1,0,1,9.37,3.83,1.06,0.297,74.00%,42.80%,3.89,4.03,0
687,Frank German,,0,0,0,1,0,1,9.51,4.17,1.04,0.297,73.90%,42.40%,3.96,4.03,0
688,Mitch White,,0,0,0,1,0,1,7.91,3.11,1.03,0.301,72.20%,46.00%,4.02,4.04,0
689,Trent Harris,SFG,0,0,0,8,0,8,7.71,3.21,1.02,0.298,72.50%,46.30%,4,4.06,0
690,Tim Hill,NYY,3,3,0,66,0,66,5.45,2.86,0.92,0.303,72.50%,54.80%,4.01,4.33,0
691,Ben Heller,,0,0,0,1,0,1,9.09,3.48,1.04,0.295,73.10%,43.50%,3.89,3.99,0
692,Geoff Hartlieb,ATH,0,0,0,1,0,1,7.88,3.56,1.18,0.299,72.30%,43.60%,4.32,4.38,0
693,Carlos Hernández,CLE,0,0,0,1,0,1,9.15,3.81,1.18,0.29,73.10%,36.30%,4.15,4.19,0
694,Carl Edwards Jr.,NYM,0,0,0,1,0,1,8.16,3.62,1.04,0.292,73.80%,45.50%,3.9,4.13,0
695,Shelby Miller,CHC,0,0,0,1,0,1,9.31,3.27,1.18,0.289,73.00%,37.70%,3.99,4.01,0
696,Eduarniel Núñez,ATH,2,2,0,50,0,50,8.51,5.03,1.09,0.296,72.60%,44.00%,4.45,4.66,0
697,Jeremy Beasley,,0,0,0,1,0,1,8.5,3.2,1.12,0.3,72.80%,43.10%,4.06,4.07,0
698,Miguel Del Pozo,,0,0,0,1,0,1,8.69,3.38,1.12,0.294,73.80%,40.60%,3.94,4.07,0
699,James Norwood,NYY,0,0,0,1,0,1,9.4,3.7,1.19,0.288,74.60%,39.10%,3.93,4.1,0
700,Connor Thomas,ATL,0,0,0,1,0,1,6.55,2.71,1.03,0.306,72.30%,49.70%,4.09,4.19,0
701,Jesus Tinoco,MIA,0,0,0,1,0,1,8.18,3.72,1.1,0.298,72.30%,42.90%,4.24,4.28,0
702,Keynan Middleton,LAD,0,0,0,1,0,1,9.24,3.78,1.25,0.292,73.60%,40.90%,4.15,4.26,0
703,Joely Rodríguez,BOS,0,0,0,1,0,1,7.56,3.72,0.92,0.31,72.20%,50.70%,4.13,4.15,0
704,Zach Logue,,0,0,0,1,0,1,7.22,2.39,1.11,0.3,72.30%,45.60%,4,4.1,0
705,Walter Pennington,,0,0,0,1,0,1,7.98,3.85,0.93,0.3,73.60%,48.90%,3.9,4.1,0
706,Wes Parsons,,0,0,0,1,0,1,8.73,3.6,1.1,0.296,73.10%,42.90%,4.04,4.11,0
707,Josh Walker,BAL,0,0,0,1,0,1,8.41,3.83,1.13,0.297,73.60%,43.50%,4.11,4.3,0
708,Jesse Chavez,,0,0,0,1,0,1,7.99,3.16,1.25,0.295,72.40%,40.60%,4.3,4.32,0
709,Kyle Muller,,0,0,0,1,0,1,7.25,2.77,1.09,0.301,72.80%,45.60%,4.02,4.12,0
710,José Cisnero,,0,0,0,1,0,1,9.14,3.93,1.09,0.295,73.50%,41.70%,4.02,4.13,0
711,Ian Anderson,,0,0,0,1,0,1,7.63,3.8,1.06,0.3,72.70%,46.50%,4.2,4.33,0
712,Amir Garrett,,0,0,0,1,0,1,9.92,4.66,1.05,0.292,74.30%,40.20%,3.97,4.13,0
713,Antonio Senzatela,COL,4,6,0,60,8,95,5.74,2.81,1.42,0.32,68.10%,45.50%,5.37,4.98,0
714,Oliver Ortega,,0,0,0,1,0,1,8.49,3.62,1.08,0.297,73.00%,43.80%,4.06,4.14,0
715,Nick Burdi,NYM,0,0,0,1,0,1,9.77,4.19,1.01,0.287,74.80%,41.70%,3.74,3.98,0
716,Adam Kloffenstein,NYY,0,0,0,1,0,1,8.17,3.17,1.13,0.29,73.40%,44.40%,3.94,4.18,0
717,Junior Fernández,ARI,0,0,0,1,0,1,8.67,4.05,0.89,0.305,72.70%,47.80%,3.98,3.98,0
718,Jordan Balazovic,,0,0,0,1,0,1,8,3.64,1.03,0.301,72.70%,46.80%,4.09,4.16,0
719,John Rooney,TBR,0,0,0,1,0,1,8.61,4.11,0.92,0.297,73.90%,48.00%,3.85,4.13,0
720,Matt Bush,,0,0,0,1,0,1,8.96,3.28,1.25,0.294,73.10%,39.00%,4.14,4.16,0
721,Brady Feigl,,0,0,0,1,0,1,7.9,3.08,1.13,0.295,73.40%,42.60%,3.99,4.16,0
722,Manny Banuelos,,0,0,0,1,0,1,8.48,4.16,0.95,0.301,73.50%,44.70%,4,4.14,0
723,Dylan Covey,,0,0,0,1,0,1,7.25,3.39,0.96,0.304,72.30%,50.60%,4.08,4.16,0
724,Freddy Tarnok,,0,0,0,1,0,1,8.83,3.79,1.17,0.291,73.30%,40.10%,4.12,4.25,0
725,Rafael Dolis,,0,0,0,1,0,1,8.02,3.25,1.12,0.298,72.30%,43.30%,4.15,4.17,0
726,Joe Jacques,NYM,0,0,0,1,0,1,7.31,3.48,0.87,0.298,74.00%,52.00%,3.72,4.11,0
727,T.J. Brock,TOR,0,0,0,1,0,1,8.82,3.74,1.12,0.294,73.10%,42.00%,4.09,4.18,0
728,Kent Emanuel,,0,0,0,1,0,1,6.71,2.67,1.02,0.303,72.10%,48.80%,4.05,4.16,0
729,JT Chargois,,0,0,0,1,0,1,8.4,3.46,1.13,0.297,72.70%,42.10%,4.14,4.17,0
730,Declan Cronin,TEX,0,0,0,1,0,1,7.73,3.76,0.98,0.304,72.10%,48.80%,4.18,4.24,0
731,Drew Smyly,,0,0,0,1,0,1,8.78,2.97,1.3,0.289,74.00%,36.10%,4.04,4.18,0
732,Brooks Kriske,ATH,0,0,0,1,0,1,9.31,4.31,1.2,0.294,73.20%,39.40%,4.28,4.35,0
733,Jeff Criswell,COL,1,1,0,18,0,18,8.34,3.52,1.43,0.306,70.70%,38.90%,4.86,4.64,0
734,Brandon Leibrandt,CIN,0,0,0,1,0,1,7.49,2.72,1.34,0.293,73.40%,42.80%,4.19,4.42,0
735,Jhonathan Díaz,SEA,0,0,0,1,0,1,7.07,2.17,0.99,0.29,73.90%,47.70%,3.54,3.87,0
736,Taylor Hearn,,0,0,0,1,0,1,8.31,3.55,1.12,0.297,73.40%,42.00%,4.07,4.21,0
737,Adam Ottavino,,0,0,0,1,0,1,8.84,3.72,1.05,0.298,71.00%,43.70%,4.24,4.11,0
738,Jacob Waguespack,MIL,0,0,0,1,0,1,8.65,3.74,1.14,0.296,73.00%,43.70%,4.14,4.22,0
739,Allan Winans,,0,0,0,1,0,1,7.21,2.34,1.16,0.296,71.90%,45.90%,4.04,4.12,0
740,Rowan Wick,SFG,0,0,0,1,0,1,8.75,3.46,1.02,0.301,72.70%,44.10%,3.99,3.94,0
741,Anthony Bass,,0,0,0,1,0,1,8.46,3.34,1.21,0.295,73.40%,39.90%,4.14,4.22,0
742,Kyle Amendt,ARI,0,0,0,1,0,1,9.39,4.35,1.01,0.299,73.20%,41.20%,4.07,4.06,0
743,Elvis Peguero,BAL,0,0,0,1,0,1,7.68,4.12,0.91,0.306,72.10%,51.30%,4.18,4.25,0
744,Bryan Hoeing,SDP,0,0,0,1,0,1,7.69,2.94,1.11,0.3,72.80%,46.40%,4.04,4.1,0
745,Taylor Rashi,ARI,0,0,0,1,0,1,8.33,3.75,1.02,0.302,72.30%,44.00%,4.16,4.11,0
746,Eric Loomis,TEX,0,0,0,1,0,1,9.21,4.27,1.12,0.295,73.10%,41.10%,4.19,4.3,0
747,Garrett Richards,,0,0,0,1,0,1,7.54,3.19,1.1,0.299,72.20%,45.30%,4.16,4.24,0
748,Yunior Marte,CIN,1,1,0,16,0,16,7.68,3.79,1.22,0.301,71.70%,47.00%,4.53,4.61,0
749,J.C. Mejía,,0,0,0,1,0,1,8.44,3.68,1.12,0.297,72.90%,44.80%,4.14,4.24,0
750,Matt Bowman,MIN,0,0,0,1,0,1,7.16,3.23,1.18,0.302,70.90%,43.20%,4.52,4.46,0
751,Easton McGee,MIL,2,2,0,34,0,34,7.29,2.97,1.16,0.296,72.10%,45.20%,4.19,4.3,0
752,Nick Duron,,0,0,0,1,0,1,9.03,4.29,1.09,0.295,73.40%,41.80%,4.14,4.24,0
753,Matt Jachec,CLE,0,0,0,1,0,1,7.63,3.38,1.04,0.302,72.30%,48.40%,4.12,4.18,0
754,Jhon Romero,,0,0,0,1,0,1,8.13,3.66,1.08,0.299,72.40%,44.50%,4.19,4.24,0
755,Erik Swanson,,0,0,0,1,0,1,8.27,3.44,1.31,0.291,72.50%,37.50%,4.37,4.44,0
756,Nic Enright,TOR,0,0,0,1,0,1,8.69,3.41,1.29,0.287,73.10%,36.40%,4.21,4.32,0
757,Angel Perdomo,LAA,0,0,0,1,0,1,9.62,4.3,1.17,0.292,74.60%,39.10%,4.04,4.26,0
758,Robinson Piña,,0,0,0,1,0,1,7.31,2.54,1.13,0.298,71.80%,45.10%,4.08,4.15,0
759,Micah Ashman,BAL,0,0,0,1,0,1,8.42,3.51,1.16,0.3,73.50%,42.70%,4.12,4.23,0
760,Burch Smith,DET,0,0,0,1,0,1,7.82,3.1,1.16,0.295,71.90%,40.20%,4.23,4.22,0
761,Brian Metoyer,NYM,0,0,0,1,0,1,9.07,4.19,1.06,0.29,73.90%,42.30%,3.97,4.19,0
762,Thomas Pannone,MIL,0,0,0,1,0,1,7.09,2.3,1.26,0.292,72.90%,41.80%,4.07,4.25,0
763,Luis González,,0,0,0,1,0,1,8.14,3.18,1.21,0.292,73.50%,39.40%,4.08,4.25,0
764,Bryan Mata,,0,0,0,1,0,1,8.11,4.09,0.96,0.3,72.60%,48.60%,4.09,4.25,0
765,Anthony DeSclafani,,0,0,0,1,0,1,7.83,2.56,1.3,0.295,71.80%,40.40%,4.27,4.26,0
766,José Lopez,,0,0,0,1,0,1,8.6,3.98,1.1,0.296,73.80%,41.60%,4.08,4.26,0
767,Aaron Loup,,0,0,0,1,0,1,7.58,3.51,1.03,0.301,72.80%,45.40%,4.09,4.26,0
768,Kenny Rosenberg,,0,0,0,1,0,1,7.74,2.91,1.22,0.295,73.10%,40.40%,4.12,4.26,0
769,Carson Fulmer,PIT,0,0,0,1,0,1,7.53,3.45,1.14,0.301,71.90%,42.00%,4.36,4.38,0
770,Luis Ortiz,,0,0,0,1,0,1,7.45,3.13,1.1,0.299,71.90%,45.20%,4.19,4.26,0
771,Jonathan Hernández,PHI,0,0,0,1,0,1,8.22,4.36,1.02,0.298,73.20%,48.20%,4.15,4.37,0
772,Rico Garcia,BAL,3,3,0,56,0,56,8.99,3.67,1.35,0.291,73.30%,37.00%,4.31,4.41,0
773,Ken Giles,,0,0,0,1,0,1,9.51,4.09,1.05,0.288,74.40%,41.30%,3.83,4.03,0
774,Jake Bloss,TOR,1,1,0,16,0,16,7.99,3.24,1.29,0.289,72.40%,39.40%,4.31,4.4,0
775,Sauryn Lao,,0,0,0,1,0,1,7.63,2.81,1.2,0.293,72.30%,42.20%,4.15,4.25,0
776,Johan Simon,DET,0,0,0,1,0,1,7.22,3.89,0.89,0.3,73.20%,49.70%,3.98,4.24,0
777,Michael Byrne,,0,0,0,1,0,1,7.75,3.36,1.12,0.298,72.30%,44.80%,4.19,4.27,0
778,Keone Kela,,0,0,0,1,0,1,8.89,3.78,1.18,0.291,73.50%,39.90%,4.1,4.24,0
779,Cody Poteet,,0,0,0,1,0,1,8.1,3.14,1.17,0.297,73.00%,41.90%,4.08,4.17,0
780,José Ruiz,,0,0,0,1,0,1,8.35,3.34,1.15,0.296,72.90%,42.90%,4.1,4.18,0
781,Daniel Robert,PHI,0,0,0,1,0,1,8.35,3.6,1.3,0.287,72.80%,38.90%,4.31,4.5,0
782,Coleman Huntley III,,0,0,0,1,0,1,7.81,3.38,1.13,0.299,72.20%,44.00%,4.23,4.28,0
783,Gerson Garabito,MIL,0,0,0,1,0,1,8.46,3.48,1.1,0.298,72.60%,44.50%,4.1,4.18,0
784,David Buchanan,,0,0,0,1,0,1,5.51,2.41,1.01,0.308,70.80%,52.20%,4.26,4.29,0
785,Joe Record,,0,0,0,1,0,1,7.55,3.78,1.06,0.299,72.20%,47.40%,4.25,4.36,0
786,José Quijada,,0,0,0,1,0,1,9.82,4.4,1.13,0.287,74.80%,36.20%,3.95,4.19,0
787,Jake Diekman,,0,0,0,1,0,1,9.95,5.07,1.05,0.293,74.60%,40.90%,4.03,4.29,0
788,Sam Clay,,0,0,0,1,0,1,7.39,3.85,0.94,0.302,73.00%,49.70%,4.04,4.29,0
789,Fernando Abad,,0,0,0,1,0,1,7.31,3.04,1.32,0.313,70.60%,42.80%,4.76,4.54,0
790,Reiss Knehr,,0,0,0,1,0,1,8.37,3.36,1.22,0.295,72.20%,39.70%,4.27,4.29,0
791,Cam Alldred,,0,0,0,1,0,1,7.4,3.4,1.06,0.3,72.60%,43.80%,4.16,4.27,0
792,José Rodríguez,LAD,0,0,0,1,0,1,9.1,4.04,1.3,0.291,73.40%,39.90%,4.31,4.47,0
793,Garrett McDaniels,LAD,0,0,0,1,0,1,7.72,4.28,0.96,0.303,73.50%,51.90%,4.08,4.37,0
794,Daniel Castano,,0,0,0,1,0,1,6.77,2.73,1.13,0.301,72.20%,45.70%,4.17,4.3,0
795,Dugan Darnell,DET,0,0,0,1,0,1,7.96,3.52,1.11,0.295,72.20%,42.20%,4.2,4.25,0
796,Charlie Beilenson,SEA,0,0,0,1,0,1,8.05,3.08,1.09,0.291,73.50%,44.00%,3.88,4.07,0
797,Michael Rucker,SEA,0,0,0,1,0,1,8.24,3.16,1.11,0.291,73.70%,43.80%,3.88,4.07,0
798,Wily Peralta,,0,0,0,1,0,1,7.59,3.49,1.08,0.292,72.70%,43.50%,4.11,4.28,0
799,Brandon Waddell,NYM,0,0,0,1,0,1,7.22,2.6,1.12,0.292,73.10%,44.20%,3.92,4.17,0
800,Dylan Tebrake,WSN,0,0,0,1,0,1,8.48,4.05,1.13,0.294,73.00%,41.30%,4.22,4.35,0
801,Drew VerHagen,,0,0,0,1,0,1,7.5,3.02,1.16,0.301,71.50%,44.20%,4.31,4.3,0
802,Dillon Tate,,0,0,0,1,0,1,7.07,3.52,1.06,0.302,71.40%,47.60%,4.33,4.43,0
803,Kyle Dowdy,,0,0,0,1,0,1,8.08,3.69,1.12,0.299,72.40%,43.50%,4.25,4.31,0
804,Colten Brewer,,0,0,0,1,0,1,8.2,3.79,1.1,0.296,72.40%,43.60%,4.22,4.31,0
805,Thomas Hatch,ARI,0,0,0,1,0,1,7.04,2.99,1.02,0.309,70.80%,47.90%,4.3,4.17,0
806,Alex Cook,TBR,0,0,0,1,0,1,8.2,3.6,1.22,0.292,72.70%,40.10%,4.27,4.38,0
807,Jackson Stephens,,0,0,0,1,0,1,7.3,3.04,1.14,0.296,71.90%,44.30%,4.2,4.31,0
808,Spencer Turnbull,,0,0,0,1,0,1,7.43,3.44,1.14,0.298,71.20%,44.70%,4.39,4.44,0
809,Michael Tonkin,MIN,0,0,0,1,0,1,8.22,3.27,1.19,0.3,71.00%,39.30%,4.41,4.3,0
810,Thyago Vieira,,0,0,0,1,0,1,9.1,4.16,1.16,0.294,73.40%,39.60%,4.19,4.31,0
811,Ian Gibaut,,0,0,0,1,0,1,7.7,3.46,1.26,0.294,71.80%,38.80%,4.45,4.52,0
812,Tyson Neighbors,BAL,1,1,0,12,0,12,8.98,3.97,1.22,0.296,72.90%,40.00%,4.31,4.37,0
813,Ricky Vanasco,DET,0,0,0,1,0,1,8.54,4.4,1.01,0.295,73.10%,43.60%,4.14,4.29,0
814,Drew Carlton,,0,0,0,1,0,1,7.73,3.11,1.21,0.297,72.00%,41.60%,4.28,4.32,0
815,Parker Mushinski,COL,0,0,0,1,0,1,8.08,4.11,1,0.298,73.40%,46.70%,4.06,4.32,0
816,César Valdez,,0,0,0,1,0,1,6.03,2.39,1.2,0.306,70.90%,48.60%,4.42,4.43,0
817,Trevor Kuncl,CIN,0,0,0,1,0,1,7.95,3.69,1.27,0.298,72.40%,44.60%,4.43,4.54,0
818,Tommy Eveld,,0,0,0,1,0,1,7.84,3.22,1.2,0.295,72.30%,41.40%,4.25,4.32,0
819,Max Kranick,,0,0,0,1,0,1,7.3,2.83,1.34,0.289,72.50%,37.40%,4.32,4.5,0
820,Matt Sauer,,0,0,0,1,0,1,7.53,2.97,1.25,0.293,71.90%,41.30%,4.31,4.4,0
821,Roenis Elías,,0,0,0,1,0,1,6.92,2.64,1.19,0.301,71.80%,43.00%,4.28,4.33,0
822,Shinnosuke Ogasawara,WSN,0,0,0,6,0,6,6.47,2.32,1.22,0.299,72.30%,43.40%,4.2,4.34,0
823,Josh Winder,,0,0,0,1,0,1,7.58,3.01,1.2,0.297,71.60%,41.70%,4.32,4.33,0
824,Yerry Rodríguez,NYY,0,0,0,1,0,1,9.13,4.08,1.23,0.287,74.20%,39.40%,4.13,4.36,0
825,Kevin Herget,NYM,0,0,0,1,0,1,7.51,2.83,1.28,0.285,72.80%,38.30%,4.15,4.38,0
826,Matt Carasiti,,0,0,0,1,0,1,7.8,3.91,1.04,0.3,72.40%,46.90%,4.21,4.33,0
827,Emmanuel Ramirez,,0,0,0,1,0,1,8.41,3.7,1.19,0.296,72.50%,40.50%,4.28,4.33,0
828,Wilking Rodríguez,,0,0,0,1,0,1,9.03,4.5,1.12,0.29,74.20%,42.70%,4.1,4.37,0
829,Casey Sadler,,0,0,0,1,0,1,7.32,3.25,1.12,0.298,71.90%,45.20%,4.25,4.33,0
830,Scott Effross,DET,1,1,0,11,0,11,6.17,3.04,1.02,0.301,71.40%,48.70%,4.27,4.36,0
831,Nate Garkow,TOR,0,0,0,1,0,1,9.22,4.15,1.22,0.285,73.70%,37.20%,4.17,4.35,0
832,Jandel Gustave,,0,0,0,1,0,1,7.94,3.58,1.14,0.299,72.20%,43.40%,4.28,4.34,0
833,Scott McGough,,0,0,0,1,0,1,7.89,3.66,1.24,0.295,72.50%,42.30%,4.39,4.51,0
834,Yency Almonte,LAD,0,0,0,1,0,1,8.54,3.86,1.27,0.294,72.70%,41.80%,4.36,4.51,0
835,Lyon Richardson,CIN,0,0,0,1,0,1,8.16,4.07,1.14,0.3,72.90%,47.60%,4.3,4.46,0
836,Austin Pope,ATL,0,0,0,1,0,1,8.22,3.46,1.09,0.302,72.60%,45.00%,4.14,4.14,0
837,John McMillon,PHI,0,0,0,1,0,1,9.38,4.78,1.17,0.289,73.80%,40.10%,4.24,4.46,0
838,Janser Lara,TEX,0,0,0,1,0,1,8.45,3.56,1.27,0.295,72.40%,38.60%,4.37,4.41,0
839,Nigel Belgrave,MIA,0,0,0,1,0,1,8.36,4.27,1.02,0.297,72.50%,45.20%,4.2,4.33,0
840,Al Pesto,,0,0,0,1,0,1,7.97,3.4,1.2,0.294,72.30%,41.70%,4.27,4.36,0
841,Darren McCaughan,CIN,0,0,0,1,0,1,7.47,2.39,1.62,0.29,71.50%,37.00%,4.67,4.76,0
842,Brady Choban,LAA,0,0,0,1,0,1,6.47,3.51,1.01,0.306,71.50%,52.20%,4.34,4.47,0
843,Mike Baumann,NYM,0,0,0,1,0,1,8.78,4.13,1.11,0.291,73.60%,40.70%,4.1,4.29,0
844,Konnor Pilkington,DET,0,0,0,1,0,1,8.76,4.29,1.05,0.292,74.30%,41.10%,3.99,4.27,0
845,Jorge López,,0,0,0,1,0,1,7.68,3.36,1.06,0.303,71.90%,47.40%,4.2,4.25,0
846,Luke Jackson,,0,0,0,1,0,1,8.25,4.14,1.04,0.301,72.30%,45.90%,4.26,4.31,0
847,Zach McAllister,,0,0,0,1,0,1,8.24,3.25,1.27,0.294,72.10%,38.60%,4.32,4.35,0
848,Roansy Contreras,,0,0,0,1,0,1,7.33,3.08,1.32,0.293,71.80%,39.50%,4.46,4.55,0
849,Kenta Maeda,,0,0,0,1,0,1,7.8,2.62,1.28,0.294,72.00%,40.50%,4.22,4.25,0
850,Francisco Pérez,ATH,0,0,0,1,0,1,8.08,4.12,1.15,0.296,73.10%,42.00%,4.29,4.49,0
851,Hector Perez,,0,0,0,1,0,1,8.51,3.95,1.14,0.294,72.70%,41.50%,4.24,4.36,0
852,Zach McCambley,MIA,0,0,0,1,0,1,8.28,4.09,1.07,0.297,72.50%,43.80%,4.23,4.34,0
853,Lucas Luetge,,0,0,0,1,0,1,7.45,3.18,1.17,0.293,72.60%,41.00%,4.21,4.36,0
854,Dylan Floro,,0,0,0,1,0,1,6.66,3.01,1.11,0.304,71.00%,46.20%,4.41,4.36,0
855,Patrick Murphy,,0,0,0,1,0,1,7.71,3.97,1.03,0.3,72.90%,45.90%,4.17,4.35,0
856,Kyle Funkhouser,,0,0,0,1,0,1,7.83,3.67,1.11,0.296,72.30%,44.10%,4.25,4.37,0
857,Jeremy Wu-Yelland,BOS,0,0,0,1,0,1,8.43,4.23,1.1,0.301,72.60%,42.70%,4.32,4.41,0
858,Steve Cishek,,0,0,0,1,0,1,8.12,3.59,1.14,0.296,72.10%,42.50%,4.27,4.37,0
859,Raymond Burgos,,0,0,0,1,0,1,7.01,3.42,1.04,0.3,72.60%,47.20%,4.15,4.37,0
860,Hayden Seig,LAA,0,0,0,1,0,1,6.88,3.36,1.13,0.304,71.50%,48.20%,4.42,4.49,0
861,Tommy Henry,ARI,0,0,0,1,0,1,8.09,2.92,1.15,0.298,73.00%,40.40%,4.04,4.09,0
862,Austin Adams,,0,0,0,1,0,1,9.15,4.17,1.15,0.291,72.30%,38.00%,4.27,4.37,0
863,Tristan Stevens,MIA,0,0,0,1,0,1,6.51,2.99,1.07,0.301,71.30%,48.00%,4.28,4.36,0
864,Naoyuki Uwasawa,,0,0,0,1,0,1,6.86,2.53,1.24,0.302,70.90%,43.20%,4.43,4.38,0
865,Josh Maciejewski,,0,0,0,1,0,1,6.93,3.3,1.08,0.297,72.80%,46.20%,4.15,4.38,0
866,Kevin Gowdy,,0,0,0,1,0,1,6.8,3.79,0.93,0.301,72.00%,52.60%,4.18,4.39,0
867,Cody Morris,,0,0,0,1,0,1,8.75,4.28,1.13,0.294,73.00%,41.30%,4.25,4.38,0
868,T.J. Fondtain,TBR,0,0,0,1,0,1,8,3.48,1.26,0.288,73.30%,38.10%,4.22,4.46,0
869,Ryan Hendrix,,0,0,0,1,0,1,8.6,4.31,1.07,0.299,72.50%,44.10%,4.27,4.38,0
870,Andrew Saalfrank,ARI,0,0,0,1,0,1,7.89,4.37,0.88,0.307,72.70%,48.20%,4.14,4.21,0
871,Mike Vasil,CHW,0,0,0,1,0,1,7.32,3.48,1.17,0.295,71.70%,45.00%,4.37,4.52,0
872,Jay Jackson,,0,0,0,1,0,1,8.33,3.06,1.36,0.289,72.50%,36.10%,4.33,4.38,0
873,Humberto Castellanos,,0,0,0,1,0,1,7.79,2.85,1.32,0.291,72.00%,37.60%,4.32,4.38,0
874,Kyle Nelson,,0,0,0,1,0,1,7.73,3.6,1.28,0.291,72.80%,38.60%,4.38,4.59,0
875,Pat Gallagher,TOR,0,0,0,1,0,1,7.1,3.2,1.14,0.295,72.00%,45.90%,4.26,4.4,0
876,Angel Chivilli,NYY,1,1,0,26,0,26,8,3.4,1.22,0.29,73.00%,43.80%,4.18,4.41,0
877,Ian Krol,,0,0,0,1,0,1,7.86,3.89,1.08,0.297,73.00%,42.30%,4.2,4.36,0
878,Mark Washington,,0,0,0,1,0,1,7.65,3.58,1.12,0.299,72.00%,44.50%,4.31,4.39,0
879,José Rodríguez,,0,0,0,1,0,1,6.89,3.09,1.14,0.299,71.60%,45.80%,4.31,4.39,0
880,Riley Pint,,0,0,0,1,0,1,9.24,5.37,1.09,0.316,71.20%,46.10%,4.8,4.65,0
881,Sean Reid-Foley,ATL,0,0,0,1,0,1,9.29,4.97,1,0.302,73.10%,44.80%,4.25,4.29,0
882,Alex Young,CIN,0,0,0,1,0,1,7.48,3.54,1.28,0.298,72.90%,44.90%,4.41,4.62,0
883,Jackson Rees,,0,0,0,1,0,1,8.42,4.39,1.07,0.298,72.80%,44.10%,4.28,4.4,0
884,Ryan Lobus,TEX,0,0,0,1,0,1,8.3,3.36,1.31,0.29,72.20%,38.40%,4.36,4.47,0
885,Will Johnston,ATH,0,0,0,1,0,1,8.19,4.23,1.18,0.295,73.10%,42.30%,4.34,4.54,0
886,Zack Burdi,,0,0,0,1,0,1,8.44,3.71,1.24,0.294,72.50%,38.50%,4.35,4.4,0
887,Phil Fox,CHW,0,0,0,1,0,1,8.15,3.44,1.38,0.29,72.80%,37.00%,4.43,4.59,0
888,Brendan White,SEA,0,0,0,1,0,1,7.91,3.59,1,0.294,72.90%,47.70%,3.96,4.17,0
889,Craig Stammen,,0,0,0,1,0,1,7.19,2.9,1.21,0.3,71.50%,45.40%,4.35,4.37,0
890,Caleb Boushley,,0,0,0,1,0,1,6.56,2.31,1.31,0.295,71.40%,42.00%,4.38,4.44,0
891,Scott Alexander,SFG,0,0,0,1,0,1,6.77,3.13,0.86,0.307,72.50%,52.40%,3.93,4.04,0
892,Peter Lambert,,0,0,0,1,0,1,8.21,3.46,1.28,0.299,72.30%,41.40%,4.41,4.42,0
893,Clayton Andrews,,0,0,0,1,0,1,8.68,4.37,1.15,0.289,74.70%,42.50%,4.08,4.45,0
894,Reggie Crawford,SFG,0,0,0,1,0,1,9.04,4,1.04,0.295,73.60%,41.30%,4,4.12,0
895,Dom Hamel,NYY,0,0,0,1,0,1,8.25,2.99,1.32,0.285,73.50%,38.70%,4.13,4.35,0
896,Luke Bard,,0,0,0,1,0,1,7.71,3.47,1.16,0.298,71.50%,42.80%,4.38,4.41,0
897,Dinelson Lamet,,0,0,0,1,0,1,8.18,3.87,1.17,0.294,72.40%,41.90%,4.31,4.42,0
898,Raul Brito,MIN,0,0,0,1,0,1,8.15,4.11,1.1,0.302,71.70%,43.00%,4.44,4.44,0
899,Spencer Howard,,0,0,0,1,0,1,7.96,3.11,1.32,0.295,72.00%,39.30%,4.4,4.42,0
900,Paul Fry,,0,0,0,1,0,1,6.76,3.83,0.83,0.312,71.90%,52.70%,4.18,4.24,0
901,Mauricio Llovera,,0,0,0,1,0,1,7.74,3.45,1.19,0.297,71.80%,42.60%,4.36,4.42,0
902,Alex Faedo,,0,0,0,1,0,1,8.44,3.43,1.32,0.291,72.60%,37.20%,4.36,4.42,0
903,Dominic Leone,,0,0,0,1,0,1,8.49,4.01,1.2,0.296,72.60%,40.60%,4.36,4.42,0
904,Kelvin Cáceres,LAA,0,0,0,1,0,1,8.49,4.64,1.1,0.301,72.50%,45.10%,4.41,4.54,0
905,Jesse Biddle,,0,0,0,1,0,1,7.94,4.46,0.97,0.302,73.00%,47.70%,4.19,4.42,0
906,Miguel Díaz,,0,0,0,1,0,1,7.84,3.7,1.16,0.295,72.40%,43.10%,4.29,4.42,0
907,Jarlín García,,0,0,0,1,0,1,8.01,3.18,1.31,0.292,73.00%,37.00%,4.3,4.42,0
908,Phillips Valdez,,0,0,0,1,0,1,6.55,3.52,1,0.31,70.30%,51.10%,4.51,4.47,0
909,Michael Giacone,,0,0,0,1,0,1,8.21,4.01,1.14,0.293,73.40%,41.10%,4.2,4.43,0
910,Ben Leeper,,0,0,0,1,0,1,8.4,3.71,1.24,0.294,72.40%,38.60%,4.37,4.43,0
911,Drew Steckenrider,ATH,0,0,0,1,0,1,7.66,3.34,1.32,0.293,71.80%,38.60%,4.49,4.56,0
912,Cam Vieaux,,0,0,0,1,0,1,7.8,3.68,1.15,0.294,73.10%,42.20%,4.2,4.43,0
913,Kendall Graveman,,0,0,0,1,0,1,7.93,4.18,1.08,0.3,72.20%,45.10%,4.36,4.46,0
914,Zac Houston,,0,0,0,1,0,1,8.89,4.19,1.16,0.292,72.60%,39.70%,4.3,4.43,0
915,CD Pelham,ATH,0,0,0,1,0,1,8.06,4.14,1.19,0.296,72.80%,41.50%,4.38,4.57,0
916,Brad Hand,,0,0,0,1,0,1,8.37,3.87,1.18,0.294,72.60%,39.10%,4.3,4.43,0
917,Derrick Edington,TBR,0,0,0,1,0,1,7.58,3.79,1.15,0.296,72.00%,44.10%,4.38,4.51,0
918,Pablo López,MIN,0,0,0,0,0,1,8.98,2.33,1.12,0.301,72.70%,42.10%,3.8,3.67,0
919,Alex Cobb,,0,0,0,0,0,1,7.87,2.75,0.89,0.308,72.50%,52.70%,3.75,3.69,0
920,Reese Olson,DET,0,0,0,0,0,1,8.32,3.02,1.03,0.299,72.30%,44.90%,3.95,3.91,0
921,Brandon Walter,HOU,0,0,0,0,0,1,7.69,2.19,1.16,0.297,72.40%,46.60%,3.91,3.98,0
922,Tylor Megill,NYM,0,0,0,0,0,1,9.23,3.56,1.12,0.289,74.00%,42.20%,3.85,4.03,0
923,Tanner Houck,BOS,0,0,0,0,0,1,7.29,2.88,1,0.312,70.00%,51.30%,4.33,4.11,0
924,Clayton Kershaw,,0,0,0,0,0,1,7.3,2.78,1.1,0.298,72.70%,45.60%,4.02,4.13,0
925,Kyle Wright,CHC,0,0,0,0,0,1,7.56,3.08,1.08,0.301,71.60%,48.90%,4.15,4.19,0
926,Yu Darvish,SDP,0,0,0,0,0,1,8.47,2.47,1.38,0.29,71.70%,37.80%,4.25,4.22,0
927,Nick Margevicius,SFG,0,0,0,0,0,1,6.61,2.28,1.18,0.297,71.50%,43.50%,4.18,4.23,0
928,Jon Duplantier,,0,0,0,0,0,1,8.55,3.39,1.2,0.298,72.20%,42.50%,4.23,4.23,0
929,Travis Sykora,WSN,0,0,0,0,0,1,8.5,3.52,1.19,0.292,72.50%,41.60%,4.18,4.25,0
930,Yordanny Monegro,BOS,0,0,0,0,0,1,7.87,3.39,1.12,0.305,70.80%,46.20%,4.4,4.26,0
931,Rob Kaminsky,,0,0,0,0,0,1,6.15,2.92,0.99,0.302,72.10%,50.10%,4.1,4.29,0
932,Matt Dermody,,0,0,0,0,0,1,7.01,2.65,1.18,0.306,70.80%,46.30%,4.38,4.3,0
933,Jonathan Santucci,NYM,0,0,0,0,0,1,7.83,3.45,1.14,0.291,73.50%,44.20%,4.04,4.31,0
934,Nick Kingham,,0,0,0,0,0,1,7.25,2.8,1.21,0.303,70.90%,45.10%,4.41,4.33,0
935,Charlie Morton,,0,0,0,0,0,1,8.93,3.88,1.17,0.3,72.40%,43.70%,4.28,4.34,0
936,Jarlin Susana,WSN,0,0,0,0,0,1,8.34,4.47,0.98,0.297,72.60%,48.40%,4.16,4.34,0
937,Kyle Gibson,,0,0,0,0,0,1,7.46,3.07,1.21,0.301,71.80%,45.30%,4.34,4.36,0
938,Josh Hartle,CLE,0,0,0,0,0,1,6.53,3.42,0.97,0.304,71.80%,52.70%,4.2,4.37,0
939,Luis Garcia,NYY,0,0,0,0,0,1,8.25,2.75,1.42,0.288,72.10%,35.00%,4.36,4.37,0
940,Hayden Birdsong,SFG,0,0,0,0,0,1,9.08,4.27,1.18,0.292,72.60%,38.60%,4.31,4.4,0
941,Zach Thornton,NYM,0,0,0,0,0,1,6.9,2.72,1.22,0.289,72.80%,43.90%,4.1,4.4,0
942,Julio Urías,LAD,0,0,0,0,0,1,8.35,2.45,1.52,0.288,73.20%,35.90%,4.29,4.41,0
943,David Davalillo,TEX,0,0,0,0,0,1,7.12,2.99,1.2,0.299,71.20%,46.20%,4.38,4.42,0
944,Tekoah Roby,STL,0,0,0,0,0,1,6.98,2.76,1.25,0.294,71.40%,42.70%,4.35,4.42,0
945,Jack Wenninger,NYM,0,0,0,0,0,1,7.33,3.22,1.19,0.293,72.00%,44.90%,4.27,4.42,0
946,Eric Jokisch,,0,0,0,0,0,1,5.63,2.95,1,0.309,71.00%,52.80%,4.36,4.42,0
947,Luis Ortiz,CLE,0,0,0,0,0,1,8.22,3.71,1.23,0.3,71.60%,43.50%,4.47,4.43,0
948,Tyson Hardin,MIL,0,0,0,0,0,1,6.85,2.59,1.28,0.297,71.00%,45.30%,4.4,4.44,0
949,Reid VanScoter,SEA,0,0,0,0,0,1,5.93,2.89,1.07,0.293,72.40%,49.70%,4.11,4.44,0
950,TJ Nichols,TBR,0,0,0,0,0,1,7.23,2.8,1.29,0.295,71.00%,42.70%,4.43,4.45,0
951,Frankie Montas,,0,0,0,0,0,1,7.74,3.28,1.28,0.297,71.70%,42.40%,4.45,4.48,0
952,Daniel Eagen,ARI,0,0,0,0,0,1,7.78,3.78,1.18,0.3,70.80%,41.90%,4.58,4.48,0
953,Hyun Jin Ryu,,0,0,0,0,0,1,5.9,2.4,1.22,0.304,70.80%,46.90%,4.46,4.48,0
954,Lance Lynn,,0,0,0,0,0,1,8.17,2.94,1.42,0.292,71.50%,37.90%,4.5,4.48,0
955,Robert Colina,,0,0,0,0,0,1,7.38,3.07,1.28,0.297,71.20%,42.10%,4.48,4.49,0
956,Lucas Braun,ATL,0,0,0,0,0,1,7.04,2.85,1.29,0.3,70.80%,43.80%,4.53,4.5,0
957,Tony Gonsolin,,0,0,0,0,0,1,8.06,3.23,1.35,0.293,71.30%,38.40%,4.53,4.52,0
958,Luis F. Castillo,,0,0,0,0,0,1,6.23,2.6,1.24,0.305,70.00%,46.50%,4.6,4.52,0
959,Drew Rom,MIL,0,0,0,0,0,1,7.74,3.47,1.25,0.295,72.20%,42.20%,4.37,4.52,0
960,Nico Tellache,SEA,0,0,0,0,0,1,6.49,2.88,1.21,0.289,72.40%,44.50%,4.21,4.52,0
961,Alec Marsh,KCR,0,0,0,0,0,1,8.27,3.29,1.36,0.299,70.80%,39.00%,4.63,4.53,0
962,Nestor Cortes,,0,0,0,0,0,1,8.06,2.87,1.47,0.286,72.60%,32.50%,4.42,4.53,0
963,Ben Hess,NYY,0,0,0,0,0,1,8.26,3.63,1.32,0.285,73.10%,41.00%,4.3,4.54,0
964,Alex Cornwell,STL,0,0,0,0,0,1,5.5,3.37,0.96,0.302,71.80%,51.90%,4.27,4.54,0
965,John Michael Bertrand,SFG,0,0,0,0,0,1,5.16,2.99,1.02,0.305,70.60%,51.70%,4.47,4.56,0
966,Ariel Jurado,,0,0,0,0,0,1,5.54,2.39,1.21,0.308,69.40%,49.00%,4.68,4.56,0
967,Joander Suarez,NYM,0,0,0,0,0,1,6.89,2.72,1.34,0.287,71.80%,41.50%,4.36,4.56,0
968,Dallas Keuchel,,0,0,0,0,0,1,5.54,3.22,1.03,0.308,71.00%,52.90%,4.48,4.57,0
969,Bruce Zimmermann,STL,0,0,0,0,0,1,5.68,2.36,1.26,0.298,71.20%,45.80%,4.44,4.58,0
970,Scott Randall,,0,0,0,0,0,1,6.63,2.83,1.28,0.3,70.20%,41.60%,4.65,4.58,0
971,Ethan Pecko,HOU,0,0,0,0,0,1,7.79,3.4,1.35,0.293,71.50%,41.70%,4.54,4.58,0
972,Joe Whitman,SFG,0,0,0,0,0,1,6.71,3.32,1.18,0.298,71.10%,43.90%,4.5,4.59,0
973,Braxton Bragg,BAL,0,0,0,0,0,1,7.21,2.86,1.37,0.3,70.80%,43.30%,4.62,4.59,0
974,Jaxon Wiggins,CHC,0,0,0,0,0,1,7.95,4.05,1.22,0.291,72.10%,42.80%,4.43,4.59,0
975,Domingo Robles,ATH,0,0,0,0,0,1,6.78,2.95,1.28,0.294,71.80%,42.90%,4.4,4.6,0
976,Kohei Arihara,,0,0,0,0,0,1,5.51,2.55,1.18,0.309,69.40%,50.00%,4.7,4.6,0
977,Ronald Herrera,,0,0,0,0,0,1,7.16,2.84,1.38,0.295,70.90%,40.00%,4.59,4.6,0
978,James Paxton,,0,0,0,0,0,1,7.8,3.6,1.32,0.294,72.10%,39.10%,4.52,4.6,0
979,Connor Schultz,CHC,0,0,0,0,0,1,6.41,2.78,1.28,0.297,70.60%,45.30%,4.53,4.6,0
980,Huascar Ynoa,LAA,0,0,0,0,0,1,8.03,3.71,1.31,0.3,71.20%,43.20%,4.64,4.61,0
981,Chris Clarke,,0,0,0,0,0,1,6.17,2.84,1.22,0.299,70.30%,46.80%,4.56,4.61,0
982,Charlie Barnes,CHC,0,0,0,0,0,1,6.59,3.3,1.17,0.3,71.30%,46.50%,4.47,4.61,0
983,Luis De León,BAL,0,0,0,0,0,1,6.78,4.32,0.97,0.309,71.80%,52.60%,4.47,4.62,0
984,Drew Rucinski,,0,0,0,0,0,1,5.96,2.72,1.23,0.307,69.40%,47.90%,4.74,4.62,0
985,Marcus Stroman,,0,0,0,0,0,1,6.37,3.43,1.13,0.306,70.20%,49.10%,4.66,4.62,0
986,Sem Robberse,STL,0,0,0,0,0,1,6.7,3.14,1.26,0.293,71.10%,43.10%,4.51,4.62,0
987,Will Watson,NYM,0,0,0,0,0,1,7.55,3.98,1.19,0.289,72.20%,44.20%,4.39,4.63,0
988,John Holobetz,BOS,0,0,0,0,0,1,6.33,2.47,1.36,0.302,69.40%,43.20%,4.77,4.63,0
989,Zack Greinke,,0,0,0,0,0,1,5.94,1.84,1.45,0.3,70.30%,42.30%,4.66,4.63,0
990,R.J. Gordon,NYM,0,0,0,0,0,1,7.61,3.32,1.37,0.288,72.00%,39.00%,4.48,4.63,0
991,Seth Lonsway,SFG,0,0,0,0,0,1,5.91,3.85,0.93,0.306,70.80%,53.00%,4.48,4.64,0
992,Will Dion,CLE,0,0,0,0,0,1,6.9,3.25,1.29,0.295,71.80%,42.50%,4.51,4.64,0
993,Wade Miley,,0,0,0,0,0,1,6.21,3.05,1.2,0.3,71.40%,45.20%,4.5,4.64,0
994,Yonny Chirinos,,0,0,0,0,0,1,5.59,2.76,1.17,0.306,69.60%,50.10%,4.67,4.64,0
995,Sixto Sánchez,MIA,0,0,0,0,0,1,6.76,3.27,1.25,0.302,70.10%,43.90%,4.73,4.65,0
996,Riley Thompson,,0,0,0,0,0,1,7.56,3.67,1.31,0.297,71.30%,41.50%,4.66,4.65,0
997,Jack Choate,SFG,0,0,0,0,0,1,7.25,3.59,1.21,0.292,71.30%,41.40%,4.5,4.66,0
998,Gray Fenter,,0,0,0,0,0,1,7.16,3.23,1.33,0.297,70.80%,41.70%,4.66,4.66,0
999,Wei-En Lin,ATH,0,0,0,0,0,1,7.88,3.43,1.4,0.292,72.10%,37.20%,4.57,4.67,0